IDYO,IDYAME,QYO,Q,A,OUTPUT,問題,答え
1,旧石器・縄文・弥生時代,12,日本に旧石器時代があったことが分かるきっかけとなった、群馬県の遺跡は、何ですか。,岩宿遺跡,Y,,
1,旧石器・縄文・弥生時代,13,群馬県の遺跡を発見した人は、誰ですか。,相澤忠洋,N,,
1,旧石器・縄文・弥生時代,14,ナウマンゾウの歯の化石などが発見された長野県の遺跡は、何ですか。,野尻湖遺跡,N,,
1,旧石器・縄文・弥生時代,15,旧石器時代に使われていた石器を、何といいますか。,打製石器,N,,
1,旧石器・縄文・弥生時代,16,縄文土器でできるようになったことは、食物の〔なになに〕と〔なになに〕です。,保存と煮炊き,N,,
1,旧石器・縄文・弥生時代,17,縄文時代になってから使われるようになったのは〔なになに〕とよばれる石器です。,ま製石器,N,,
1,旧石器・縄文・弥生時代,18,縄文時代に、中小動物を倒すために使われるようになった武器は、何ですか。,弓矢,N,,
1,旧石器・縄文・弥生時代,19,動物の骨や「つの」を使って作った道具を、何といいますか。,こっかくき,N,,
1,旧石器・縄文・弥生時代,20,縄文時代の常識をくつがえすような発見があった青森市にある遺跡は、何ですか。,三内丸山遺跡,N,,
1,旧石器・縄文・弥生時代,21,縄文時代のさまざまな遺跡からヒスイが見つかることで、当時の人々が何をしていたことが分かりますか。,物々交換,N,,
1,旧石器・縄文・弥生時代,22,縄文時代の人々の「ごみ捨てば」の跡を、何といいますか。,貝塚,N,,
1,旧石器・縄文・弥生時代,23,縄文時代の「ごみ捨てば」の跡を研究すると、当時の人々の〔なになに〕と、当時の〔なになに〕が分かります。,人々の食生活と当時の海岸線,N,,
1,旧石器・縄文・弥生時代,24,東京都にある大規模な縄文時代の「ごみ捨てば」の遺跡を、何といいますか。,大森貝塚,N,,
1,旧石器・縄文・弥生時代,25,大森貝塚を明治時代に見つけたアメリカ人は、誰ですか。,モース,N,,
1,旧石器・縄文・弥生時代,26,縄文時代の人々が、魔よけや安産のお守りとして用いていた人形を、何といいますか。,土偶,N,,
1,旧石器・縄文・弥生時代,27,縄文時代や弥生時代の人々が生活した住居を、何といいますか。,たて穴住居,N,,
1,旧石器・縄文・弥生時代,28,弥生時代の始まりは、大陸から伝わった〔なになに〕が、全国に広まったことによります。,稲作,N,,
1,旧石器・縄文・弥生時代,29,稲作により〔なになに〕の差がうまれ、やがて〔なになに〕の差につながりました。,貧富の差と、身分の差,N,,
1,旧石器・縄文・弥生時代,30,金属器の中で、加工がしやすく祭器に用いられたのは、何ですか。,青銅器,N,,
1,旧石器・縄文・弥生時代,31,金属器の中で、鉄器は〔なになに〕や〔なになに〕に使われました。,武器や農具,N,,
1,旧石器・縄文・弥生時代,32,弥生時代に、食料をたくわえておくために利用されていた倉庫は、何ですか。,高床倉庫,N,,
1,旧石器・縄文・弥生時代,33,弥生時代に使われていた、足が田の泥に沈まないようにするための道具は、何ですか。,田げた,N,,
1,旧石器・縄文・弥生時代,34,弥生時代に使われていた、稲の穂をつみとるための道具は、何ですか。,石包丁,N,,
1,旧石器・縄文・弥生時代,35,静岡市で発見された弥生時代の遺跡の名を、答えなさい。,登呂遺跡,N,,
1,旧石器・縄文・弥生時代,36,佐賀県で発見された弥生時代のかんごう集落の遺跡の名を、答えなさい。,吉野ヶ里遺跡,N,,
1,旧石器・縄文・弥生時代,37,日本についての記述が初めて登場する中国の書物は、何ですか。,『漢書』ちりし,N,,
1,旧石器・縄文・弥生時代,38,倭の奴国の王が、光武帝から金印を授けられたことが記されている中国の書物は、何ですか。,『後漢書』とういでん,N,,
1,旧石器・縄文・弥生時代,39,金印には何という文字が記されていましたか。漢字５字で、答えなさい。,かんのわのなのこくおう,N,,漢委奴国王
1,旧石器・縄文・弥生時代,40,金印が発見された福岡県の島の名を、答えなさい。,しかのしま,N,,
1,旧石器・縄文・弥生時代,41,３世紀ごろに、女王によって治められていた国の名と女王の名前を、答えなさい。,卑弥呼,N,,
1,旧石器・縄文・弥生時代,43,卑弥呼のことが書かれている中国の歴史書は、何ですか。,『魏志』倭人伝,N,,
1,旧石器・縄文・弥生時代,44,竪穴住居は、北海道や東北地方の北へ行くほど深くなります。なぜですか。,防寒のため、がいきおんの影響を受けにくい場所まで掘り下げていたため,N,,
1,旧石器・縄文・弥生時代,47,三内丸山遺跡が、世界遺産に登録されている理由を、答えなさい。,物々交換と定住の証拠,N,,
1,旧石器・縄文・弥生時代,48,三内丸山遺跡が、長い間定住していたことを示す証拠である理由を２つ答えなさい。,栗の林、大木の柱の跡,N,,
1,旧石器・縄文・弥生時代,49,稲作が伝わったことの影響を、答えなさい。,定住、貧富・身分の差、争いがおこる,N,,
1,旧石器・縄文・弥生時代,50,石包丁に穴が開いているのは、なぜですか。,穴にひもを通し、そこに指を入れて握るため,N,,
1,旧石器・縄文・弥生時代,51,高床倉庫が高床になっている理由を、答えなさい。,風通しを良くして湿気対策、ネズミ返しの工夫をするため,N,,
1,旧石器・縄文・弥生時代,52,かんごう集落の構造からわかることは、何ですか。,戦いがあった証拠,N,,
1,旧石器・縄文・弥生時代,53,なぜ「わこく」の王たちは中国へ使いを送ったのでしょうか。,中国が後ろ盾になってもらうため,N,,
2,古墳・飛鳥時代,5,大和政権の政治制度で、家柄によって役職があたえられる制度のことを、何といいますか。,氏姓制度,N,,
2,古墳・飛鳥時代,6,大和政権の支配者で、のちの天皇のことを、何といいますか。,おおきみ,N,,大王
2,古墳・飛鳥時代,7,古墳のなかで、日本独特の形をしたものの形式を、何といいますか。,前方後円墳,N,,
2,古墳・飛鳥時代,8,古墳の周りにおかれた、人や、うまなどの形をした土器を、何といいますか。,埴輪,N,,
2,古墳・飛鳥時代,9,埼玉県にあり、大和政権の力が関東に届いていることを証明する古墳は、何ですか。,稲荷山古墳,N,,
2,古墳・飛鳥時代,10,稲荷山古墳からは、何とかかれた鉄剣がみつかりましたか。,わかたける王きみ,N,,ワカタケル大王
2,古墳・飛鳥時代,11,「好太王の石碑」が残され、日本と戦争をしたことがわかっている朝鮮半島の国は、どこですか。,高句麗,N,,
2,古墳・飛鳥時代,12,大陸の文化を日本にもたらした人々のことを、何といいますか。,渡来人,N,,
2,古墳・飛鳥時代,13,渡来人がもたらしたものは主に〔なになに〕と〔なになに〕と仏教です。,漢字と儒教,N,,
2,古墳・飛鳥時代,14,日本に仏教が伝わったのは朝鮮半島の何という国からですか。,百済,N,,
2,古墳・飛鳥時代,15,５９３年、聖徳太子が仕えた、日本で最初の女性天皇を、何といいますか。,推古天皇,N,,
2,古墳・飛鳥時代,16,聖徳太子は、何という[くらい]について天皇を補佐しましたか。,摂政,N,,
2,古墳・飛鳥時代,17,聖徳太子が、６０３年に制定した人材登用制度は、何ですか。,冠位十二階,N,,
2,古墳・飛鳥時代,18,聖徳太子が、６０４年に制定した役人の心得は、何ですか。,十七条の憲法,N,,
2,古墳・飛鳥時代,19,６０７年に、第１回遣隋使として派遣された人物は、誰ですか。,小野妹子,N,,
2,古墳・飛鳥時代,20,聖徳太子により建立された、世界最古の木造建築は、何ですか。,法隆寺,N,,
2,古墳・飛鳥時代,21,６３０年に第１回遣唐使として唐に派遣された人物は、誰ですか。,犬上御田鍬,N,,
2,古墳・飛鳥時代,22,６４５年に蘇我氏を滅ぼしておこなった、政治改革は、何と言いますか。,大化の改新,N,,
2,古墳・飛鳥時代,23,大化の改新をおこない、のちに天皇になる人物は、誰ですか。また、のちに何という天皇になりますか。,中大兄皇子、天智天皇,N,,
2,古墳・飛鳥時代,24,中大兄皇子に協力して大化の改新を進めた人物は、誰ですか。,中臣鎌足,N,,
2,古墳・飛鳥時代,25,大化の改新のきっかけとなる事件で暗殺された人物は、誰ですか。,蘇我入鹿,N,,
2,古墳・飛鳥時代,26,日本か新羅・唐と争って敗れた戦いを、何といいますか。,はくすきのえの戦い,N,,
2,古墳・飛鳥時代,27,外交や防衛のために九州に置かれた役所を、何といいますか。,大宰府,N,,
2,古墳・飛鳥時代,28,天皇の死後、弟の大海人皇子と子の大友皇子が皇位をめぐって争った事件は、何ですか。,壬申の乱,N,,
2,古墳・飛鳥時代,29,勝利した大海人皇子は何という天皇になりましたか。,天武天皇,N,,
2,古墳・飛鳥時代,30,奈良県の「あすか池遺跡」から発見された、日本最古の貨幣は、何ですか。,ふほんせん,N,,富本銭（ふほんせん）
2,古墳・飛鳥時代,31,日本で最初の本格的な、みやこをつくった天皇は、誰ですか。,持統天皇,N,,
2,古墳・飛鳥時代,32,持統天皇がつくった、みやこを、何といいますか。,藤原京,N,,
2,古墳・飛鳥時代,33,７０１年に唐の政治のしくみを参考に制定された、政治や刑罰のきまりについての法を、何といいますか。,大宝律令,N,,
2,古墳・飛鳥時代,34,武蔵国で銅が発見されたのを記念して、７０８年につくられた貨幣は、何ですか。,わどうかいちん,N,,和同開珎（わどうかいちん）
2,古墳・飛鳥時代,35,古墳の役割を、答えなさい。,王や豪族の権力を示すための墓,N,,
2,古墳・飛鳥時代,36,人型の埴輪からわかることは、何ですか。,服装や髪型,N,,
2,古墳・飛鳥時代,37,古墳時代の大和朝廷は、なぜ朝鮮半島に進出したのですか。,文化や技術、鉄を手に入れる,N,,
2,古墳・飛鳥時代,38,はくすきのえの戦いはなぜおこりましたか。また、はくすきのえの戦いの影響を、答えなさい。,百済をたすけようとした。大宰府や「みやこ」を移して、国を守るようにした。,N,,
2,古墳・飛鳥時代,39,聖徳太子はどのような政治を目指しましたか。,天皇中心の国造り,N,,
2,古墳・飛鳥時代,40,飛鳥時代になると、古墳をつくらなくなったのは、なぜですか。,天皇の下に身分制度ができたため、古墳が必要なくなった。,N,,
3,飛鳥・奈良時代,14,班田収授の法によって農民にあたえられ、死ぬと国に返された土地を、何といいますか。,くぶんでん,N,,口分田（くぶんでん）
3,飛鳥・奈良時代,15,農民に課せられた税のうち、収穫の３％の稲を納めるものを、何といいますか。,そ,N,,租
3,飛鳥・奈良時代,16,農民に課せられた税のうち、布や特産物を納めるものを、何といいますか。,よう,N,,庸
3,飛鳥・奈良時代,17,農民に課せられた税のうち、「みやこ」での労役または布を納めるものを、何といいますか。,ちょう,N,,調
3,飛鳥・奈良時代,18,「労役」として国司のもとで年に６０日働くことを、何といいますか。,ぞうよう,N,,雑徭
3,飛鳥・奈良時代,19,「兵役」として「みやこ」の守りに１年間つくことを、何といいますか。,えじ,N,,衛士（えじ）
3,飛鳥・奈良時代,20,「兵役」として北九州の守りに３年間つくことを、何といいますか。,さきもり,N,,防人
3,飛鳥・奈良時代,21,全国の「国」を統治する役割で、中央の役人が任命された役職は、何ですか。,国司,N,,国司
3,飛鳥・奈良時代,22,７１０年に「みやこ」が奈良の平城京に移されたときの天皇は、誰ですか。,元明天皇,N,,
3,飛鳥・奈良時代,23,平城京のモデルとなった、唐の「みやこ」を、何といいますか。,長安,N,,
3,飛鳥・奈良時代,24,仏教の力によってくにを治めようとした天皇は、誰ですか。,聖武天皇,N,,
3,飛鳥・奈良時代,25,聖武天皇が全国のくにごとにつくった寺を２種類答えなさい。,国分寺とこくぶんにじ,N,,
3,飛鳥・奈良時代,26,聖武天皇が「みやこ」に建立し、大仏をつくった寺院は、何ですか。,東大寺,N,,
3,飛鳥・奈良時代,27,遣唐使の持ち帰ったシルクロードの宝物を収めた建物を、何といいますか。,しょうそういん,N,,
3,飛鳥・奈良時代,28,しょうそういんは、何という造りですか。,校倉造り,N,,
3,飛鳥・奈良時代,29,大仏づくりに協力した僧は、誰ですか。,ぎょうき,N,,行基
3,飛鳥・奈良時代,30,唐から来日し、正しい仏教を伝えた僧は、誰ですか。,がんじん,N,,鑑真
3,飛鳥・奈良時代,31,鑑真がつくった寺を、何といいますか。,唐招提寺,N,,
3,飛鳥・奈良時代,32,律、良、とはそれぞれどのような意味をもちますか。,刑法と行政法,N,,
3,飛鳥・奈良時代,33,国司が「みやこ」の貴族から任命され、派遣されたのは、なぜですか。,天皇の命令を正しく伝えるため,N,,
3,飛鳥・奈良時代,34,税が重くて苦しんだ農民はどのような行動をとりましたか。,逃げる、僧になる、戸籍をごまかす,N,,
3,飛鳥・奈良時代,35,聖武天皇は、どのような目的で、どのような政治をしましたか。,地震や疫病などの災いをしづめるため、仏教に頼った政治をおこなった,N,,
3,飛鳥・奈良時代,36,すべての土地と人民は天皇のものとする考えは、何ですか。,公地公民,N,,
3,飛鳥・奈良時代,37,班田収授法とはどのような内容の法令ですか。,６年ごとに戸籍をつくり、６歳以上の男女に、くぶんでんを与える。,N,,
3,飛鳥・奈良時代,38,三世一身の法とはどのような内容の法令ですか。,新たに田を開墾した場合、三世代にわたって私有することを許可した。,N,,
3,飛鳥・奈良時代,39,墾田永年私財法とはどのような内容の法令ですか。,自分で耕した田は永久に自分のものとする。,N,,
4,平安時代,11,７４３年に制定された、新たに開墾した土地の私有を認める法律はなにですか。,墾田永年私財法,N,,
4,平安時代,12,貴族や寺社が所有した私有地のことを、何といいますか。,荘園,N,,
4,平安時代,13,７９４年に「みやこ」を京都の平安京にうつした天皇は、誰ですか。,桓武天皇,N,,
4,平安時代,14,天皇が、東北地方の「えみし」を征伐するために派遣した人物は、誰ですか。,坂上田村麻呂,N,,
4,平安時代,15,坂上田村麻呂がついた役職は、何ですか。,征夷大将軍,N,,
4,平安時代,16,８９４年に、遣唐使の停止を提案した人物は、誰ですか。,菅原道真,N,,
4,平安時代,17,９３５年に、関東地方で反乱をおこした人物は、誰ですか。,平将門,N,,
4,平安時代,18,９３９年に、瀬戸内海の海賊を率いて反乱をおこした人物は、誰ですか。,藤原純友,N,,
4,平安時代,19,藤原氏の政治のことを、何といいますか。,摂関政治,N,,
4,平安時代,20,藤原氏の全盛期を築き、「望月の歌」を残した人物は、誰ですか。,藤原道長,N,,
4,平安時代,21,京都の宇治に平等院鳳凰堂を建てた人物は、誰ですか。,藤原頼通,N,,
4,平安時代,22,藤原氏の荘園は、〔なになに〕と〔なになに〕という特権をもちました。,ふゆと、ふにゅう,N,,不輸と不入
4,平安時代,23,１０８６年に、白河上皇によって始められた政治を、何といいますか。,院政,N,,
4,平安時代,24,東北地方の安倍氏の反乱を、源よりよし、よしいえ、ちち、こが平定した戦いを、何といいますか。,ぜんくねんのえき,N,,
4,平安時代,25,東北地方の清原氏の反乱を、源義家が平定した戦いを、何といいますか。,ごさんねんのえき,N,,
4,平安時代,26,平安時代の貴族の住宅の建築様式を、何といいますか。,寝殿造,N,,
4,平安時代,27,男性の服装は「束帯」でした。女性の服装は何でしたか。,十二単,N,,
4,平安時代,28,漢字をもとに発明された、最初はおもに女性によって使われた文字は、何ですか。,ひらがな,N,,
4,平安時代,29,紫式部が記した小説を、何といいますか。,源氏物語,N,,
4,平安時代,30,清少納言が記した随筆を、何といいますか。,枕草子,N,,
4,平安時代,31,女性のかな文字をつかって『土佐日記』を著した貴族は、誰ですか。,紀貫之,N,,
4,平安時代,32,１１５６年に、崇徳上皇と後白河天皇の対立が原因でおこった事件は、何ですか。,保元の乱,N,,
4,平安時代,33,１１５９年に、平清盛が源義朝を倒し、政治の実権をにぎるきっかけとなった事件を、何といいますか。,平治の乱,N,,
4,平安時代,34,１１６７年、平清盛は武士として初めて〔なになに〕となりました。,だいじょうだいじん,N,,太政大臣
4,平安時代,35,平清盛によって始められた、中国との貿易を、何といいますか。,日宋貿易,N,,
4,平安時代,36,平清盛が貿易で開いた、現在の神戸の港を、何といいますか。,大輪田のとまり,N,,大輪田泊
4,平安時代,37,桓武天皇はなぜ、奈良から「みやこ」を移したのですか。,仏教勢力と距離を置き、天皇中心の国つくりをおこなうため,N,,
4,平安時代,38,遣唐使の停止が提案された理由を３つ答えなさい。,唐が衰えていて学ぶことが少ない。新羅の関係が悪く東シナ海を横切るルートが危険だから。民間の商人の貿易も増えているから。,N,,
4,平安時代,39,藤原氏が力をもった理由を４つ答えなさい。,摂関政治、全国の荘園を独占、一族で高位高官を独占、有力な貴族を追放,N,,
4,平安時代,40,かな文字が開発されたことで女性文学が栄えたのは、なぜですか。,感情表現がしやすくなった,N,,
6,鎌倉時代,6,１１８５年、平氏が滅ぼされた戦いを、何といいますか。,壇ノ浦の戦い,N,,
6,鎌倉時代,7,平氏を滅亡させた人物の名前を、答えなさい。,みなもとの義経,N,,源義経
6,鎌倉時代,8,歴史上、武士のリーダーが就任するようになった役職は、何ですか。,征夷大将軍,N,,
6,鎌倉時代,9,鎌倉幕府が、くに、ごとの軍事・警察と御家人の統率のために置いたのは、何ですか。,守護,N,,
6,鎌倉時代,10,鎌倉幕府が、荘園や公領の管理や税の取り立てのために置いたのは、何ですか。,地頭,N,,
6,鎌倉時代,11,１１９２年、武士のリーダーとしてある地位についた人物の名前を、答えなさい。,源頼朝,N,,
6,鎌倉時代,12,鎌倉幕府の将軍と、しゅじゅう関係を結んだ武士のことを、何といいますか。,御家人,N,,
6,鎌倉時代,13,将軍が、武士に土地の保障をしたり、新たに土地を与えることを、何といいますか。,御恩,N,,
6,鎌倉時代,14,武士が、将軍のために戦うことを、何といいますか。,奉公,N,,
6,鎌倉時代,15,将軍と武士のしゅじゅう関係からなる社会制度のことを、何といいますか。,封建制度,N,,
6,鎌倉時代,16,鎌倉幕府の中央の機関で、おもに政務や財政を扱うのは、何ですか。,政所,N,,
6,鎌倉時代,17,鎌倉幕府の中央の機関で、おもに御家人の管理や統率をおこなうのは、何ですか。,侍どころ,N,,
6,鎌倉時代,18,鎌倉幕府の中央の機関で、おもに裁判をおこなうのは、何ですか。,問注所,N,,
6,鎌倉時代,19,暗殺された、鎌倉幕府の３代将軍の名前を、答えなさい。,源実朝,N,,
6,鎌倉時代,20,１２２１年に、上皇が倒幕を企てておこした戦争は、何ですか。,承久の乱,N,,
6,鎌倉時代,21,１２２１年に、幕府を倒そうとして戦争を起こした上皇は、誰ですか。,後鳥羽上皇,N,,
6,鎌倉時代,22,上皇との戦争に際して、武士たちに演説した女性は、誰ですか。,北条政子,N,,
6,鎌倉時代,23,上皇が幕府を倒そうとしたときの鎌倉幕府の執権は、誰ですか。,北条義時,N,,
6,鎌倉時代,24,鎌倉幕府が朝廷の監視などのために京都に置いたのは、何ですか。,六波羅探題,N,,
6,鎌倉時代,25,１２３２年に、鎌倉幕府が制定した最初の武家法を、何といいますか。,御成敗式目,N,,
6,鎌倉時代,26,初の武家法をだした鎌倉幕府の執権は、誰ですか。,北条泰時,N,,
6,鎌倉時代,27,モンゴル民族を統一し、モンゴル帝国を建国した人物は、誰ですか。,チンギスハーン,N,,
6,鎌倉時代,28,モンゴル帝国皇帝の孫で、「みやこ」を現在のペキンにうつし、国号を「げん」とあらためた人物は、誰ですか。,フビライハーン,N,,
6,鎌倉時代,29,１２７４年に「げん」が日本に攻めてきたことを、何といいますか。,文永の役,N,,
6,鎌倉時代,30,１２８１年に「げん」が日本に攻めてきたことを、何といいますか。,弘安の役,N,,
6,鎌倉時代,31,「げん」が２度目に攻めてくるのに備えて、博多湾に作られたものは、何ですか。,石塁,N,,
6,鎌倉時代,32,「げん」の戦い方を、漢字４文字で２つ答えなさい。,集団戦法、火薬兵器,N,,
6,鎌倉時代,33,１２７４年と１２８１年の２回にわたって「げん」が日本に攻めてきたことを、合わせて何といいますか。,元寇,N,,
6,鎌倉時代,34,「げん」が攻めてきたときの鎌倉幕府の執権は、誰ですか。,北条時宗,N,,
6,鎌倉時代,35,武士の借金を帳消しにする法律を、何といいますか。,永仁の徳政令,N,,
6,鎌倉時代,36,幕府に従わなくなった武士のことを、何といいますか。,悪党,N,,
6,鎌倉時代,37,生産や販売の独占権を認められた商人や手工業者の同業者組合のことを、何といいますか。,座,N,,
6,鎌倉時代,38,鎌倉時代に西日本で始まり、室町時代には関東地方まで広まった栽培方法は、何ですか。,二毛作,N,,
6,鎌倉時代,39,鎌倉時代から用いられた、田畑を耕す方法は、何ですか。,ぎゅうばこう,N,,
6,鎌倉時代,40,鎌倉時代から用いられた、植物を燃やしてつくる肥料を、何といいますか。,そうもくかい,N,,草木灰
7,室町時代,1,鎌倉幕府を滅ぼす中心となった天皇は、誰ですか。,後醍醐天皇,N,,
7,室町時代,2,鎌倉幕府を滅ぼす中心となった天皇が、一度反乱に失敗して流された先は、どこですか。,隠岐,N,,
7,室町時代,3,鎌倉幕府を倒すためにまっさきに立ち上がり、やまじろに立てこもった武士は、誰ですか。,楠木正成,N,,
7,室町時代,4,鎌倉にせめこみ、北条氏をほろぼした武士は、誰ですか。,新田義貞,N,,
7,室町時代,5,鎌倉幕府が滅びた後、天皇がおこなった政治のことを、何といいますか。,建武の新政,N,,
7,室町時代,6,天皇が逃げ延び、南朝を開いたのは、奈良県の、何という町ですか。,吉野,N,,
7,室町時代,7,１３３８年に征夷大将軍となり、室町幕府を開いたのは、誰ですか。,足利尊氏,N,,
7,室町時代,8,室町幕府がおかれたのは、現在の、なに市ですか。,京都市,N,,
7,室町時代,9,室町幕府で、将軍の補佐役として置かれた役職は、何ですか。,かんれい,N,,
7,室町時代,10,広い地域を支配し、任じられた国を領国化していった守護のことを、何といいますか。,守護大名,N,,
7,室町時代,11,１３９２年に、南北朝が合一されたときの将軍は、誰ですか。,足利義満,N,,
7,室町時代,12,室町幕府３代将軍が、室町通につくった邸宅を、何といいますか。,花の御所,N,,
7,室町時代,13,室町幕府３代将軍が、京都の北山に建てたのは、何ですか。,金閣,N,,
7,室町時代,14,にちみん貿易で用いられた合い札のことを、何といいますか。,勘合,N,,
7,室町時代,15,朝鮮や中国の沿岸を荒らした、日本の海賊のことを、何といいますか。,倭寇,N,,
7,室町時代,16,１４６７年、将軍のあとつぎ争いがきっかけとなって、京都を中心に、１１年間続いた戦いを、何といいますか。,応仁の乱,N,,
7,室町時代,17,京都で１１年間、戦争が続いたときの、将軍は、誰ですか。,足利義政,N,,
7,室町時代,18,室町幕府８代将軍が、京都の東山に建てたのは、何ですか。,銀閣,N,,
7,室町時代,19,京都の東山の建物に見られる建築様式は、何ですか。,書院造,N,,
7,室町時代,20,１４２８年におこった、近江国の馬借などが徳政令を要求して起こした事件は、何ですか。,正長の土一揆,N,,
7,室町時代,21,室町時代に、団結し、自治をおこなった村のことを、何といいますか。,そうそん,N,,
7,室町時代,22,農村で、農民たちが開いた、村の掟や、一揆などについての話し合いのことを、何といいますか。,寄合,N,,
7,室町時代,23,商人たちが自治をおこなった地名を、答えなさい。,堺,N,,
7,室町時代,24,京都の商人たちが復活させ、今でも続いている祭りを、何といいますか。,祇園祭,N,,
7,室町時代,25,１４８５年に、こくじんと農民らが守護の畠山氏を追放し、８年間自治をした事件を、何といいますか。,山城の国一揆,N,,
7,室町時代,26,１４８８年、浄土真宗の信者たちが守護を滅ぼし、１００年あまりも国を支配した事件を、何といいますか。,加賀の一向一揆,N,,
7,室町時代,27,室町時代中期より後、各地で１００年以上も戦乱の時代が続きますが、この時代を、何といいますか。,戦国時代,N,,
7,室町時代,28,身分が下の者が実力で上のものを倒すことを、何といいますか。,下剋上,N,,
7,室町時代,29,普段、農業をしていて、戦争になると武士のかっこうをして、戦場にいく人々を、何といいますか。,足軽,N,,
8,安土・桃山時代,4,戦国大名が、自分の領地を治めるためにつくった家法ともよばれるきまりを、何といいますか。,分国法,N,,
8,安土・桃山時代,5,ポルトガル人が漂着し、鉄砲が伝わった島の名を、答えなさい。,種子島,N,,
8,安土・桃山時代,6,１５４９年に、日本にキリスト教を伝えたスペイン人の宣教師は、誰ですか。,フランシスコ・ザビエル,N,,
8,安土・桃山時代,7,日本にキリスト教を伝えた宣教師は、日本のどこに来航しましたか。,鹿児島,N,,
8,安土・桃山時代,8,スペインやポルトガルとの貿易のことを、何といいますか。,南蛮貿易,N,,
8,安土・桃山時代,9,自らキリスト教に入信した大名を、何といいますか。,キリシタン大名,N,,
8,安土・桃山時代,10,戦国時代に甲斐国を支配し、治水などで業績を残した戦国大名は、誰ですか。,武田信玄,N,,
8,安土・桃山時代,11,１５６０年、織田信長が今川義元を破って勢力を伸ばすきっかけとなった戦いを、何といいますか。,桶狭間の戦い,N,,
8,安土・桃山時代,12,織田信長が、だれでも自由に商工業がおこなえるようにした制度のことを、何といいますか。,楽市楽座,N,,
8,安土・桃山時代,13,織田信長が、だれでも自由に移動できるよう、廃止したものは、何ですか。,関所,N,,
8,安土・桃山時代,14,１５７３年、織田信長によって追放された室町幕府最後の将軍は、誰ですか。,足利義昭,N,,
8,安土・桃山時代,15,織田信長が、鉄砲を効果的に使って、武田勝頼の騎馬隊を破った戦いを、何といいますか。,長篠の戦い,N,,
8,安土・桃山時代,16,織田信長が、１５７６年に天下統一の根拠地として築いた城は、何ですか。,安土城,N,,
8,安土・桃山時代,17,織田信長が、家臣に殺害された事件を、何といいますか。,本能寺の変,N,,
8,安土・桃山時代,18,織田信長を自害に追いやった家来の名前を、答えなさい。,明智光秀,N,,
8,安土・桃山時代,19,豊臣秀吉がおこなった、土地の調査のことを、何といいますか。,太閤検地,N,,
8,安土・桃山時代,20,１５８８年に、豊臣秀吉が農民から武器を取り上げたことを、何といいますか。,刀狩令,N,,
8,安土・桃山時代,21,農民から武器を取り上げた目的を、２つ答えなさい。,一揆の防止、兵農分離,N,,
8,安土・桃山時代,22,１５９０年、豊臣秀吉が天下統一を完成させた戦いで滅ぼした北条氏が本拠地としていた城は、何ですか。,小田原城,N,,
8,安土・桃山時代,23,豊臣秀吉が、天下統一の根拠地として築いた城は、何ですか。,大阪城,N,,
8,安土・桃山時代,24,豊臣秀吉が本拠地とする城が築かれる前にあった寺院は、何ですか。,石山本願寺,N,,
8,安土・桃山時代,25,豊臣秀吉は、〔なになに〕を征服しようとして２度の朝鮮出兵をおこないました。,みん,N,,
8,安土・桃山時代,26,豊臣秀吉による１度目の朝鮮出兵を、何といいますか。,文禄の役,N,,
8,安土・桃山時代,27,豊臣秀吉による２度目の朝鮮出兵を、何といいますか。,慶長の役,N,,
9,江戸時代1,1,１６００年におこった「天下分け目の戦い」といわれる戦いは、何ですか。,関ヶ原の戦い,N,,
9,江戸時代1,2,せい軍を率いて徳川家康と戦い、敗れて処刑された人物は、誰ですか。,石田三成,N,,
9,江戸時代1,3,江戸幕府の２代将軍の名前を、答えなさい。,徳川秀忠,N,,
9,江戸時代1,4,１６１５年に起こった豊臣氏が滅亡した戦いは、何ですか。,大坂夏の陣,N,,
9,江戸時代1,5,１６１５年、江戸幕府が大名を統制するために定めたきまりは、何ですか。,武家諸法度,N,,
9,江戸時代1,6,１６１５年、江戸幕府が朝廷・貴族を統制するために定めたきまりは、何ですか。,禁中ならびに公家諸法度,N,,
9,江戸時代1,7,反乱防止のため、大名を一年おきに、領地と江戸を往復させ、妻子を江戸に住まわせる制度は、何ですか。,参勤交代,N,,
9,江戸時代1,8,大名に厳しい政治をおこない、すべての人々がキリスト教を信じることを禁じた３代将軍を、答えなさい。,徳川家光,N,,
9,江戸時代1,9,江戸幕府が、朝廷の監視のために京都に置いた役職は、何ですか。,京都所司代,N,,
9,江戸時代1,10,江戸幕府の将軍の補佐役で、常に置かれている役職は、何ですか。,老中,N,,
9,江戸時代1,11,江戸幕府の最高職で臨時に置かれるものは、何ですか。,大老,N,,
9,江戸時代1,12,江戸幕府の大名の分類で、天下分け目の戦いをきっかけに、徳川氏に従った大名を、何といいますか。,外様大名,N,,
9,江戸時代1,13,江戸幕府の大名の分類で、徳川氏が三河の小大名だったころから従っていた大名を、何といいますか。,譜代大名,N,,
9,江戸時代1,14,徳川御三家を、答えなさい。,尾張、紀伊、水戸,N,,
9,江戸時代1,15,江戸幕府が、年貢の納入や犯罪などについて連帯責任を負わせた仕組みのことを、何といいますか。,五人組,N,,
9,江戸時代1,16,江戸時代初期、鎖国をする前に東南アジアとおこなっていた貿易を、何といいますか。,朱印船貿易,N,,
9,江戸時代1,17,江戸時代初期、東南アジアにあった日本町で活躍した人物は、誰ですか。,山田長政,N,,
9,江戸時代1,18,キリスト教徒を見分けるためにおこなわれた、像を踏ませる行為は、何ですか。,踏み絵,N,,
9,江戸時代1,19,１６３７年、領主の圧政に対して、キリスト教徒の農民らがおこした一揆は、何ですか。,島原の乱,N,,
9,江戸時代1,20,１６３７年におこった一揆の中心人物は、誰ですか。,天草四郎時貞,N,,
9,江戸時代1,21,すべての人が寺院に属することを定めた制度のことを、何といいますか。,てらうけ制度,N,,寺請制度
9,江戸時代1,22,１６３９年、〔なになにせん〕の来航を禁止して鎖国が完成しました。,ポルトガル,N,,
9,江戸時代1,23,江戸時代を通じて長崎で貿易をおこなったヨーロッパの国は、どこですか。,オランダ,N,,
9,江戸時代1,24,ヨーロッパの国との貿易を行う商館は、１６４１年に、平戸から、長崎の、どこに移されましたか。,出島,N,,
9,江戸時代1,25,朝鮮との国交の窓口となった藩は、何ですか。,対馬藩,N,,
9,江戸時代1,26,将軍が代替わりするたびに、朝鮮から送られてきた使節を、何といいますか。,朝鮮通信使,N,,
9,江戸時代1,27,蝦夷地に住むアイヌとの交易の窓口となった藩は、どこですか。,まつまえ藩,N,,
9,江戸時代1,28,反乱をおこしたが鎮圧されたアイヌのリーダーの名前を、答えなさい。,シャクシャイン,N,,
11,江戸時代2,1,福祉や動物愛護に力を入れ「犬公方」とよばれた江戸幕府５代将軍は、誰ですか。,徳川綱吉,N,,
11,江戸時代2,2,５代将軍が出した、生き物、特に人を大切にするよう命じた法令は何ですか。,生類憐れみの令,N,,
11,江戸時代2,3,５代将軍が建てた、儒学の祖である孔子をまつる堂を、何といいますか。,湯島聖堂,N,,
11,江戸時代2,4,５代将軍が質を落とした貨幣を、何といいますか。,元禄小判,N,,
11,江戸時代2,5,５代将軍の出した法令をなくし、貨幣をもとに戻した儒学者を、答えなさい。,新井白石,N,,
11,江戸時代2,6,６、７代将軍のころ、儒学者がおこなった政治を、何といいますか。,正徳の治,N,,
11,江戸時代2,7,８代将軍は、なに藩の出身ですか。,きい藩,N,,紀伊藩
11,江戸時代2,8,「こめ将軍」とよばれた、８代将軍の名前を、答えなさい。,徳川吉宗,N,,
11,江戸時代2,9,８代将軍が自らおこなった政治改革を、何といいますか。,享保の改革,N,,
11,江戸時代2,10,８代将軍のころ、全国で〔なになに〕が奨励され、田の面積は約二倍になりました。,しんでん開発,N,,新田開発
11,江戸時代2,11,大名に対して、参勤交代を緩める代わりに、米を幕府に納めさせたことを、何といいますか。,あげまいの制,N,,
11,江戸時代2,12,８代将軍のころ、百姓への税率はどのように引き上げられましたか。,ごこうごみん,N,,五公五民
11,江戸時代2,13,民衆から意見を開くための箱を、何といいますか。,目安箱,N,,
11,江戸時代2,14,箱の意見から実現した、火事への対策の制度を、何といいますか。,町火消,N,,
11,江戸時代2,15,箱の意見から実現した、庶民むけの無料の病院を、何といいますか。,小石川養生所,N,,
11,江戸時代2,16,裁判の公正化をはかってつくられた法令を、何といいますか。,公事方おさだめがき,N,,
11,江戸時代2,17,８代将軍のころにはじまった、ヨーロッパの書物を研究する学問を、何といいますか。,蘭学,N,,
11,江戸時代2,18,ヨーロッパの学問を学び、かんしょの栽培を広めた人物は、誰ですか。,青木昆陽,N,,
11,江戸時代2,19,８代将軍の治世後期におこった、全国的なききんを、何といいますか。,享保の飢饉,N,,
11,江戸時代2,20,商人の力を重視し、経済をさかんにした老中は、誰ですか。,田沼意次,N,,
11,江戸時代2,21,商人の同業者組合として保護されたものを、何といいますか。,株仲間,N,,
11,江戸時代2,22,商業を大切にした田沼意次が、中国へ輸出した、あわび・ふかひれ・なまこを、何といいますか。,たわらもの,N,,俵物
11,江戸時代2,23,『ターヘルアナトミア』を翻訳して出版したのは、前野良沢と、誰ですか。,杉田玄白,N,,
11,江戸時代2,24,『ターヘルアナトミア』は、何という題名で出版されましたか。,解体新書,N,,
11,江戸時代2,25,発明家として知られ、エレキテルなどをつくった学者は、誰ですか。,平賀源内,N,,
11,江戸時代2,26,浅間山の噴火がきっかけでおこり、田沼意次の失脚につながったききんを、答えなさい。,天明の大飢饉,N,,
11,江戸時代2,27,代わって老中となり、質素倹約を重視した改革をおこなった老中は、誰ですか。,松平定信,N,,
11,江戸時代2,28,老中の松平定信は、なに藩の藩主でしたか。,白河藩,N,松平定信の老中は何藩の藩主でしたか。,
11,江戸時代2,29,老中の松平定信が、おこなった政治改革を、何といいますか。,寛政の改革,N,,
11,江戸時代2,30,幕府の学問所では、何という学問だけを教えることになりましたか。,朱子学,N,,
11,江戸時代2,31,ききんに備え、各藩に米を蓄えさせた制度を、答えなさい。,かこいまいの制,N,,囲い米の制
11,江戸時代2,32,１９世紀に全国的におこった大規模なききんを、答えなさい。,天保の大飢饉,N,,
11,江戸時代2,33,１９世紀の大飢饉をうけて、幕府の領地である大阪で反乱を起こした人物は、誰ですか。,大塩平八郎,N,,
11,江戸時代2,34,大塩平八郎の乱をうけて、改革を始めた老中は、誰ですか。,水野忠邦,N,,
11,江戸時代2,35,１９世紀、浜松藩主である老中がおこなった政治改革を、何といいますか。,天保の改革,N,,
11,江戸時代2,36,江戸や大阪の周辺の土地を、大名や旗本からとりあげる政策を、何といいますか。,あげち令,N,,上知令
11,江戸時代2,37,庶民の子どもは、何という機関で学びましたか。,寺子屋,N,,
11,江戸時代2,38,庶民の子どもが、学習機関で特に重点的に学んだことを３つ答えなさい。,「読み」「書き」「そろばん」,N,,
11,江戸時代2,39,武士の子どもは各藩の何という機関で学びましたか。,藩校,N,,
11,江戸時代2,40,「私塾」のうち、長崎に嗚滝塾を開いたのはドイツ人の〔だれだれ〕です。,シーボルト,N,,
11,江戸時代2,41,「私塾」のうち、長州藩の吉田松陰がはぎに開いたのが〔なになに〕です。,しょうかそんじゅく,N,,松下村塾
12,江戸時代3,1,さかんに、しんでん開発が行われた結果、田の面積は太閤検地のころの何倍になりましたか。,約２倍,N,,
12,江戸時代3,2,江戸時代の「きんぴ」のうち、いわしを干したものを、何といいますか。,干鰯,N,,
12,江戸時代3,3,江戸時代の「きんぴ」のうち、なたね油のしぼりかすのことを、何といいますか。,油糟,N,,
12,江戸時代3,4,「しぼくさんそう」のうち、カイコのエサだったものを、答えなさい。,桑,N,,
12,江戸時代3,5,「しぼくさんそう」のうち、塗料として使われたものを、答えなさい。,漆,N,,
12,江戸時代3,6,「しぼくさんそう」のうち、和紙の原料を、答えなさい。,楮,N,,
12,江戸時代3,7,「しぼくさんそう」のうち、青い色の染料を、答えなさい。,藍,N,,
12,江戸時代3,8,青い色の染料はどこの国の名産でしたか。,阿波（徳島）,N,,
12,江戸時代3,9,「しぼくさんそう」のうち、赤い色の染料を、答えなさい。,紅,N,,
12,江戸時代3,10,赤い色の染料はどこの国の名産でしたか。,出羽（山形）,N,,
12,江戸時代3,11,「しぼくさんそう」のうち、織物の原料となるものを、答えなさい。,麻,N,,
12,江戸時代3,12,江戸時代に開発された農具のうち、だっこくに用いたものは、何ですか。,せんばこき,N,,千歯扱き
12,江戸時代3,13,江戸時代に開発された農具のうち、風でもみがらやごみを飛ばしたものは、何ですか。,唐箕,N,,
12,江戸時代3,14,江戸時代に開発された農具のうち、深く耕せる道具は、何ですか。,備中ぐわ,N,,備中鍬
12,江戸時代3,15,江戸の町に作られた、水を供給するための用水を２つ答えなさい。,玉川上水と神田上水,N,,
12,江戸時代3,16,商人が都市に工場をつくり、人をやとって生産するシステムをカタカナで、何といいますか。,マニュファクチュア,N,,
12,江戸時代3,17,商人の工場によって、灘、で作られたものは、何ですか。,酒,N,,
12,江戸時代3,18,商人の工場によって、銚子、で作られたものは、何ですか。,醤油,N,,
12,江戸時代3,19,江戸時代に使われた３種類の貨幣は、何ですか。,金、銀、ぜに,N,,金、銀、銭
12,江戸時代3,20,江戸時代、貨幣の交換をおこなっていた商人を、何といいますか。,両替商,N,,
12,江戸時代3,21,江戸・大阪では、それぞれどんな種類の貨幣が多く使われましたか。,江戸は金、大阪は銀,N,,
12,江戸時代3,22,北日本と江戸を結んだ航路を、何といいますか。,東回り航路,N,,
12,江戸時代3,23,北日本と大阪を結んだ航路を、何といいますか。,西回り航路,N,,
12,江戸時代3,24,北日本と大阪を結ぶ航路で用いられた船を、何といいますか。,北前ぶね,N,,北前船
12,江戸時代3,25,江戸と大阪を結ぶ航路で使われた船を２つ答えなさい。,菱垣廻船と樽廻船,N,,
12,江戸時代3,26,海の航路を切り開いた、江戸時代初期の人物は、誰ですか。,河村瑞賢,N,,
12,江戸時代3,27,蝦夷地から琉球王国までつながっていた物流のルートを、何といいますか。,こんぶロード,N,,
12,江戸時代3,28,五街道のうち、江戸と京都を結ぶ海沿いの道を、何といいますか。,東海道,N,,
12,江戸時代3,29,五街道のうち、江戸と京都を結ぶ内陸の道を、何といいますか。,中山道,N,,
12,江戸時代3,30,五街道のうち、北へ進むものを２つ答えなさい。,奥州街道、日光街道,N,,
12,江戸時代3,31,五街道のうち、内藤新宿から下諏訪までを結んでいた道を、何といいますか。,甲州街道,N,,
12,江戸時代3,32,五街道は、江戸の、どこから始まりましたか。,日本橋,N,,
12,江戸時代3,33,五街道の関所では、何を取り締まりましたか。,いりでっぽうに、でおんな,N,,入り鉄砲に出女
12,江戸時代3,34,関所が置かれた主な場所を、答えなさい。,箱根、白河,N,,
12,江戸時代3,35,江戸時代の新聞、郵便をそれぞれ何といいますか。,かわら版、飛脚,N,,
12,江戸時代3,36,大阪に、各藩がもうけた「こめ」や食べ物の取引をおこなった役所を、何といいますか。,蔵屋敷,N,,
12,江戸時代3,37,江戸、京都、大阪の別名をそれぞれ答えなさい。,将軍のお膝元、天子様のお膝元、天下の台所,N,,
12,江戸時代3,38,長野、宇治山田、奈良など、寺社を中心に拡大した都市を、何といいますか。,もんぜん町,N,,
12,江戸時代3,39,妻籠、馬籠など、五街道沿いに発展した都市を、何といいますか。,宿場町,N,,
12,江戸時代3,40,百姓が年貢の引き下げを求めて団結しておこしたことを、何といいますか。,百姓一揆,N,,
12,江戸時代3,41,町人たちがききんがおこると「こめや」、「商人」をおそったことを、何といいますか。,打ちこわし,N,,
13,江戸時代4,1,１７９２年、根室に来航したロシア人は、誰ですか。,ラクスマン,N,,
13,江戸時代4,2,長崎に来航したロシア人は、誰ですか。,レザノフ,N,,
13,江戸時代4,3,北方領土の探検をおこなった人物は、誰ですか。,最上とくない,N,,
13,江戸時代4,4,日本地図をつくった人物の名前を、答えなさい。,伊能忠敬,N,,
13,江戸時代4,5,樺太が島であることを、海峡の発見で証明したのは、誰ですか。,間宮林蔵,N,,
13,江戸時代4,6,「北海道」を命名したのは、誰ですか。,松浦武四郎,N,,
13,江戸時代4,7,１８０８年、イギリス船が、長崎に侵入しておこした事件を、何といいますか。,フェートン号事件,N,,
13,江戸時代4,8,幕府が出した、外国の船には理由を問わず砲撃するという命令を、答えなさい。,外国船うちはらい令,N,,外国船打払令
13,江戸時代4,9,長崎で塾を開き蘭学や医学を教えたドイツ人は、誰ですか。,シーボルト,N,,
13,江戸時代4,10,シーボルトが開いていた塾の名前を、答えなさい。,なるたき塾,N,,
13,江戸時代4,11,漂流民を届けに来たアメリカ船を、日本が撃って追い返した事件を、何といいますか。,モリソン号事件,N,,
13,江戸時代4,12,この幕府の対応を批判した学者が処罰されたことを、何といいますか。,蛮社の、獄,N,,蛮社の獄
13,江戸時代4,13,「蛮社の獄」で処罰された人物のうち、長崎で蘭学を学んだ人物を、答えなさい。,高野長英,N,,
13,江戸時代4,14,「蛮社の獄」で処罰された人物のうち、田原藩の重役だった人物を、答えなさい。,渡辺崋山,N,,
13,江戸時代4,15,１８４０年から始まり、しん、がイギリスに敗れた戦争を、答えなさい。,アヘン戦争,N,１８４０年から始まり、清、がイギリスに敗れた戦争を、答えなさい。,
13,江戸時代4,16,１８５３年、ペリーが来航した場所は、どこですか。,浦賀,N,,
13,江戸時代4,17,日本が開国した条約を、答えなさい。,日米和親条約,N,,
13,江戸時代4,18,この条約で日本が開いた港を２つ答えなさい。,下田と函館,N,,
13,江戸時代4,19,この条約を同時に結んだ外国４か国を頭文字で、答えなさい。,あおいろ,N,,
13,江戸時代4,20,江戸湾に幕府がつくった、大砲をおくための人工島を、何といいますか。,台場,N,,
13,江戸時代4,21,大砲をつくるため、幕府が伊豆につくった製鉄所を、何といいますか。,韮山反射炉,N,,
13,江戸時代4,22,来日したアメリカ総領事を、何といいますか。,ハリス,N,,
13,江戸時代4,23,１８５８年、日本が結んだ貿易に関する条約を、答えなさい。,日米修好通商条約,N,,
13,江戸時代4,24,この条約で日本が開いた港を５つ答えなさい。,函館・新潟・横浜・神戸・長崎,N,,
13,江戸時代4,25,この条約を同時に結んだ外国５か国を頭文字で、答えなさい。,あおいふろ,N,,
13,江戸時代4,26,外国人が日本で犯罪をしたとき、その国の法でその国の領事が裁判する権利のことを、何といいますか。,治外法権,N,,治外法権・領事裁判権
13,江戸時代4,27,輸入品にかける関税を日本が独自に決められないことを、何といいますか。,関税自主権がない,N,,
13,江戸時代4,28,幕末の日本の輸出品を２つ答えなさい。,生糸と、茶,N,,生糸と茶
13,江戸時代4,29,幕末の日本の最大の貿易相手国を、答えなさい。,イギリス,N,,
13,江戸時代4,30,開国や貿易の開始を主導した大老は、誰ですか。,井伊直弼,N,,
13,江戸時代4,31,「井伊直弼」は、なに藩の譜代大名ですか。,彦根,N,,
13,江戸時代4,32,「井伊直弼」が反対派を処罰した出来事を、答えなさい。,安政の大獄,N,,
13,江戸時代4,33,「井伊直弼」によって処刑された、長州藩の武士の名前を、答えなさい。,吉田松陰,N,,
13,江戸時代4,34,「吉田松陰」が開いていた萩の塾を、何といいますか。,しょうかそんじゅく,N,,松下村塾
13,江戸時代4,35,水戸藩などの武士が、大老を殺害した事件を、何といいますか。,桜田門外の変,N,,
13,江戸時代4,36,開国や貿易に反対する人々が唱えた言葉を漢字４字で、答えなさい。,尊王攘夷,N,,
13,江戸時代4,37,薩摩藩が、行列を横切ったイギリス人を殺傷した事件を、何といいますか。,生麦事件,N,,
13,江戸時代4,38,生麦事件の報復として、薩摩藩がイギリスに攻撃された戦争を、答えなさい。,薩英戦争,N,,
13,江戸時代4,39,長州藩は、〔なになに〕海峡を通る外国船を砲撃しましたが、報復で占領されました。,下関,N,,
13,江戸時代4,40,長州藩では、武士以外の身分から集めた〔なになに〕が結成されました。,奇兵隊,N,,
13,江戸時代4,41,長州藩の人々を、身分関係なくまとめて「奇兵隊」を率いた人物は、誰ですか。,高杉晋作,N,,
13,江戸時代4,42,土佐藩の武士で、薩摩藩と長州藩の同盟を仲介した人物は、誰ですか。,坂本竜馬,N,,
13,江戸時代4,43,薩摩藩と長州藩の同盟を、何といいますか。,薩長同盟,N,,
13,江戸時代4,44,京都守護職をつとめ、薩摩・長州と対立した親藩は、どこですか。,会津藩,N,,
13,江戸時代4,45,水戸藩出身の江戸幕府、１５代将軍は、誰ですか。,徳川慶喜,N,,
13,江戸時代4,46,１５代将軍、徳川慶喜が、政権を朝廷に返上した出来事を、何といいますか。,大政奉還,N,,
13,江戸時代4,47,１５代将軍、徳川慶喜は、どこで、政権を朝廷に返しましたか。,京都二条城,N,,
13,江戸時代4,48,薩摩藩・長州藩が朝廷と出した、天皇中心の国づくりの宣言を、何といいますか。,王政復古の大号令,N,,
13,江戸時代4,49,新政府と旧幕府の間の戦争を、何といいますか。,戊辰戦争,N,,
13,江戸時代4,50,京都と大阪の間で起こった戦争の、最初の戦争を、何といいますか。,鳥羽・伏見の戦い,N,,
13,江戸時代4,51,江戸城を明け渡した、幕府代表を、答えなさい。,勝海舟,N,,
13,江戸時代4,52,江戸城を受け取った、新政府代表を、答えなさい。,西郷隆盛,N,,
13,江戸時代4,53,最後の戦いの舞台となった、函館にある城を、答えなさい。,五稜郭,N,,
14,明治時代1,1,天皇が神に誓うという形式で出した政治方針を、何といいますか。,五箇条の御誓文,N,,
14,明治時代1,2,「五箇条の御誓文」の原文を執筆した、長州藩の代表を、答えなさい。,木戸孝允,N,,
14,明治時代1,3,政治方針の翌日に出された、民衆向けの立て札を、何といいますか。,五榜の掲示,N,,
14,明治時代1,4,すべての土地と人民を天皇に返す政策を、何といいますか。,版籍奉還,N,,
14,明治時代1,5,「版籍奉還」の結果、大名は何という役職につきましたか。,知藩事,N,,
14,明治時代1,6,藩をなくし、全国に県をおいた政策を、何といいますか。,廃藩置県,N,,
14,明治時代1,7,天皇の一族は、何といわれるようになりましたか。,皇族,N,,
14,明治時代1,8,貴族、大名は、何といわれるようになりましたか。,華族,N,,
14,明治時代1,9,「元」武士は、何といわれるようになりましたか。,士族,N,,
14,明治時代1,10,百姓、町人は、何といわれるようになりましたか。,平民,N,,
14,明治時代1,11,満２０歳以上の男子に兵役の義務を課した政策を、答えなさい。,徴兵れい,N,,徴兵令
14,明治時代1,12,政府の収入を安定させるため、地価の３％を毎年現金で納税させる制度を、何といいますか。,地租改正,N,,
14,明治時代1,13,明治時代に入り、政治や社会、人々のくらしが変わったことを、何といいますか。,明治維新,N,,
14,明治時代1,14,明治時代になり、人々の衣食住が大きく変化したことを漢字４字で答えなさい。,文明開化,N,,
14,明治時代1,15,新政府がかかげたスローガンで、国を豊かにして強い軍隊を持つ、というものは何ですか。,富国強兵,N,,
14,明治時代1,16,新政府がかかげたスローガンで、産業を盛んにすることを目指す、というものは何ですか。,殖産興業,N,,
14,明治時代1,17,官営模範工場として群馬県につくられた製糸業の工場を、答えなさい。,富岡製糸場,N,,
14,明治時代1,18,富岡製糸場はどこの国の技術を使いましたか。,フランス,N,,
14,明治時代1,19,道路のわきにつくられるようになり、夜も道路を照らしたものを、何といいますか。,ガス灯,N,,
14,明治時代1,20,建物は何を積み上げて作るようになりましたか。,レンガ,N,,
14,明治時代1,21,明治初期に導入された乗り物を、答えなさい。,鉄道,N,,
14,明治時代1,22,明治初期に、牛肉を使って作られた料理を、答えなさい。,牛鍋,N,,
14,明治時代1,23,日本で最初の鉄道は、なに駅からなに駅の間で開通しましたか。,新橋、横浜,N,,
14,明治時代1,24,郵便制度を整備した人物を、答えなさい。,前島ひそか,N,,
14,明治時代1,25,１８７２年、満６歳以上の男女が小学校に行くことを課した法令を、答えなさい。,学制,N,,
14,明治時代1,26,『学問のすすめ』を執筆し、学問の重要性を説いた人物は、誰ですか。,福沢諭吉,N,,
14,明治時代1,27,福沢諭吉がつくった学校を漢字４字で答えなさい,慶應義塾,N,,
14,明治時代1,28,外国から来日し、日本の近代化を支えた外国人を、何といいますか。,お雇い外国人,N,,
14,明治時代1,29,札幌農学校で教えた人物は、誰ですか。,クラーク,N,,
14,明治時代1,30,大森貝塚を発見した人物は、誰ですか。,モース,N,,
14,明治時代1,31,フォッサマグナを発見し研究した人物は、誰ですか。,ナウマン,N,,
14,明治時代1,32,憲法発布のころの日本の様子を日記に書いたドイツ人医師は、誰ですか。,ベルツ,N,,
14,明治時代1,33,美術の保護や法隆寺の美を、世界にアピールした人物は、誰ですか。,フェノロサ,N,,
14,明治時代1,34,鎖国中である朝鮮を武力で開国させようという意見を、何といいますか。,征韓論,N,,
14,明治時代1,35,征韓論を唱えて政府をやめた西郷隆盛がおこした戦争は何ですか。,西南戦争,N,,
14,明治時代1,36,征韓論を唱えて政府をやめ、国会をつくることを求める運動を始めた人物は、誰ですか。,板垣退助,N,,
14,明治時代1,37,板垣退助が政府に出した意見書を答えなさい,民撰議院設立の建白書,N,,
14,明治時代1,38,国会をつくること、憲法を制定することを求めた運動を、何といいますか。,自由民権運動,N,,
14,明治時代1,39,自由民権運動は、どのような手段で広まりましたか、２つ答えなさい,集会と新聞,N,,
14,明治時代1,40,明治政府が、「１０年後に議会を開くこと」を約束したことを、何といいますか。,国会開設の勅諭,N,,
14,明治時代1,41,北海道の開拓をおこなった役所を、何といいますか。,開拓使,N,,
14,明治時代1,42,北海道の開拓を担った、普段は農業をおこない、戦争の際は兵士となる人々を、何といいますか。,屯田兵,N,,
14,明治時代1,43,板垣退助が作った政党を、答えなさい。また、どこの国の政治をまねしようとしましたか。,自由党、フランス,N,,
14,明治時代1,44,大隈重信が作った政党を、答えなさい。また、どこの国の政治をまねしようとしましたか。,立憲改進党、イギリス,N,,
14,明治時代1,45,埼玉県の農家が政党と結びつき、生糸の値下がりに対しての暴動は何ですか。,秩父事件,N,,
14,明治時代1,46,ドイツに留学し、それをもとに憲法を執筆し、初代総理大臣になった人物は、誰ですか。,伊藤博文,N,,
14,明治時代1,47,憲法が発布された年月日を、答えなさい。,１８８９年２月１１日,N,,
14,明治時代1,48,憲法を正式名称で答えなさい。,大日本帝国憲法,N,,
14,明治時代1,49,どこの国の憲法をまねして執筆しましたか。また、その国の憲法は、なに権が強いですか。,ドイツ、君主権,N,,
14,明治時代1,50,憲法が発布されたときの総理大臣の名前を、答えなさい。,伊藤博文,N,,
14,明治時代1,51,忠君愛国の方針が盛り込まれた、教育に関する天皇の言葉を、何といいますか。,教育勅語,N,,
14,明治時代1,52,最初の衆議院選挙で選挙権をもったのは、どんな人々ですか。,直接国税を１５円以上収めた、２５歳以上の男子,N,,
14,明治時代1,53,最初の衆議院選挙で選挙権を持った人々は何パーセントくらいですか。,1.1パーセント,N,,
14,明治時代1,54,衆議院以外の、もう１つの議院の名前を、答えなさい。,貴族院,N,,
14,明治時代1,55,明治政府の中心人物で、薩摩藩出身の人を、答えなさい。,西郷隆盛、大久保利通,N,,
14,明治時代1,56,明治政府の中心人物で、長州藩出身の人を、答えなさい。,木戸孝允、伊藤博文,N,,
14,明治時代1,57,明治政府の中心人物で、土佐藩出身の人を、答えなさい。,板垣退助,N,,
14,明治時代1,58,明治政府の中心人物で、肥前藩出身の人を、答えなさい。,大隈重信、江藤新平,N,,
14,明治時代1,59,明治政府の中心人物で、貴族出身の人を、答えなさい。,岩倉具視,N,,
15,明治時代2,1,江戸時代末期に結ばれた不平等条約を答えなさい。,日米修好通商条約,N,,
15,明治時代2,2,日米修好通商条約が不平等だった点を2つ答えなさい。,関税自主権がない、治外法権,N,,
15,明治時代2,3,日米修好通商条約を結んだ外国5か国の頭文字を答えなさい。,あおいふろ,N,,
15,明治時代2,4,日露和親条約で、「雑居」と決められた島を答えなさい。,樺太,N,,
15,明治時代2,5,日本が初めて外国と結んだ対等の条約を答えなさい。,日清修好条規,N,,
15,明治時代2,6,条約改正のため、1871年から1873年に欧米に派遣された使節団を答えなさい。,岩倉使節団,N,,
15,明治時代2,7,使節団の代表を答えなさい。,岩倉具視,N,,
15,明治時代2,8,使節団に同行した留学生で、帰国後に女子教育に尽くしたのは誰ですか。,津田梅子,N,,
15,明治時代2,9,使節団が留守の間、日本政治を取り仕切ったのは誰ですか。,西郷隆盛,N,,
15,明治時代2,10,西郷や板垣らが、武力で朝鮮を開国させようとした考えは、何ですか。,征韓論,N,,
15,明治時代2,11,日本の軍艦が朝鮮に砲撃された事件を答えなさい。,江華島事件,N,,
15,明治時代2,12,日本が朝鮮を開国させて、結んだ条約を答えなさい。,日朝修好条規,N,,
15,明治時代2,13,日本とロシアの国境を定めた条約を答えなさい。,千島樺太交換条約,N,,
15,明治時代2,14,千島樺太交換条約で日本の代表を務めたのは誰ですか。,榎本たけあき,N,,
15,明治時代2,15,条約改正のため、日本の生活を欧米化させようという政策は何ですか。,欧化政策,N,,
15,明治時代2,16,欧化政策を推し進めた、長州出身の政治家の名前を答えなさい。,井上馨,N,,
15,明治時代2,17,日比谷に作られたダンスホールを答えなさい。,鹿鳴館,N,,
15,明治時代2,18,大審院の判事に外国人を登用しようとし、反対派から襲撃され負傷した政治家は誰ですか。,大隈重信,N,,
15,明治時代2,19,和歌山県沖で船が沈み、日本人が見殺しにされた事件を答えなさい。,ノルマントン号事件,N,,
15,明治時代2,20,ノルマントン号の船長は、なにじんでしたか。,イギリス人,N,,
15,明治時代2,21,治外法権(領事裁判権)の撤廃に成功した外務大臣は誰ですか。,陸奥宗光,N,,
15,明治時代2,22,治外法権(領事裁判権)の撤廃は、どこの国との間で最初に成立しましたか。,イギリス,N,,
15,明治時代2,23,治外法権(領事裁判権)の撤廃に成功した理由を答えなさい。,憲法・国会ができたから,N,,
15,明治時代2,24,朝鮮半島でおこった、大規模な反乱の名前を答えなさい。,甲午農民戦争,N,,
15,明治時代2,25,朝鮮半島の反乱を平定しようとした2国が始めた戦争の名前を答えなさい。,日清戦争,N,,
15,明治時代2,26,日清戦争の講和条約を述べなさい。,下関条約,N,,
15,明治時代2,27,講和条約に出席した、当時の総理大臣を答えなさい。,伊藤博文,N,,
15,明治時代2,28,講和条約に出席した、当時の外務大臣を答えなさい。,陸奥宗光,N,,
15,明治時代2,29,講和条約の結果、日本は２億両(テール)の〔なになに〕を手に人れました。,賠償金,N,,
15,明治時代2,30,講和条約の結果、日本が得た半島の名前を答えなさい。,遼東半島,N,,
15,明治時代2,31,遼東半島を、日本が清へ返さざるをえなくなった理由を漢字4字で答えなさい,三国干渉,N,,
15,明治時代2,32,日本に、半島を清へ返すよう、要求した国を3つ答えなさい。,ロシア・フランス・ドイツ,N,,
15,明治時代2,33,講和条約の結果、日本が得た島の名前を答えなさい。,台湾,N,,
15,明治時代2,34,1901年、賠償金の一部を使って日本が作った工場の名前を答えなさい。,八幡製鉄所,N,,
15,明治時代2,35,日本は、ロシアとの戦争に備えて何という同盟を結びましたか,日英同盟,N,,
15,明治時代2,36,日本が遼東半島を攻撃することで始まった戦争の名前を答えなさい。,日露戦争,N,,
15,明治時代2,37,この戦争では、陸軍は半島の都市を占領しました。都市名を答えなさい。,旅順,N,,
15,明治時代2,38,この戦争で、陸軍の戦場となった中国東北部の地方は、何ですか。,満州,N,,
15,明治時代2,39,海軍がロシアのバルチック艦隊を打ち破った戦争の名前を答えなさい。,日本海海戦,N,,
15,明治時代2,40,海軍の連合艦隊司令長官の名前を答えなさい。,東郷平八郎,N,,
15,明治時代2,41,戦争に反対したキリスト教徒を答えなさい。,内村鑑三,N,,
15,明治時代2,42,戦争に反対した社会主義者を答えなさい。この人物は、のち大逆事件で死刑になりました。,幸徳秋水,N,,
15,明治時代2,43,戦争に反対し、「あぁ、弟よ」から始まる詩を発表したのは誰ですか。,与謝野晶子,N,,
15,明治時代2,44,講和条約の仲介をしてくれたアメリカ大統領を答えなさい。,ルーズベルト,N,,
15,明治時代2,45,この戦争の講和条約の名前を答えなさい。,ポーツマス条約,N,,
15,明治時代2,46,講和条約に出席した、当時の外務大臣を答えなさい。,小村寿太郎,N,,
15,明治時代2,47,日本は、北緯〔なになに〕度以南の〔なになに〕を手に人れました。,北緯５０度以南の樺太,N,,
15,明治時代2,48,講和条約で、日本が手に入れた鉄道は、のちに何と呼ばれましたか。,南満州鉄道,N,,
15,明治時代2,49,賠償金がなかったので、不満に思った人々がおこした事件を答えなさい。,日比谷焼き討ち事件,N,,
15,明治時代2,50,日清戦争中に〔なになに〕工業、日露戦争中に〔なになに〕工業が産業革命をむかえました。,軽工業・重工業,N,,
15,明治時代2,51,韓国における指導権を得た日本は、韓国に何を置きましたか。,朝鮮総督府,N,,
15,明治時代2,52,初代韓国統監だったが、１９０９年に暗殺された元首相は誰ですか。,伊藤博文,N,,
15,明治時代2,53,伊藤博文を殺害した韓国人青年の名前を答えなさい。,安重根,N,,
15,明治時代2,54,日本が韓国をとりこみ、日本の一部としたことは、何ですか。,韓国併合,N,,
15,明治時代2,55,日本が朝鮮を支配し、統治のためにおいた役所の名前を答えなさい。,朝鮮総督府,N,,
15,明治時代2,56,関税自主権の回復に成功した外務大臣は誰ですか。,小村寿太郎,N,,
15,明治時代2,57,関税自主権の回復は、最初にどこの国との間でうまくいきましたか。,アメリカ,N,,
15,明治時代2,58,関税自主権の回復に成功した理由を答えなさい。,日清・日露戦争に勝ったから,N,,
15,明治時代2,59,「日本資本主義の父」と呼ばれた人物は誰ですか。,渋沢栄一,N,,
15,明治時代2,60,渋沢栄一が設立した、日本初の銀行を答えなさい。,第一国立銀行,N,,
15,明治時代2,61,日本で初めて起こった、栃木県の公害病を答えなさい。,足尾銅山鉱毒事件,N,,
15,明治時代2,62,この事件を天皇に直訴した衆議院議員は誰ですか。,田中正造,N,,
15,明治時代2,63,『吾輩は猫である』『坊っちゃん』『こころ』の作者を答えなさい。,夏目漱石,N,,
15,明治時代2,64,『高瀬舟』『舞姫』などを著し、日清戦争のころは軍医を務めたのは誰ですか。,森鴎外,N,,
15,明治時代2,65,『たけくらべ』『にごりえ』の作者を答えなさい。,樋口いちよう,N,,
15,明治時代2,66,コレラ、ペスト、破傷風の研究をした人物を答えなさい。,北里柴三郎,N,,
15,明治時代2,67,赤痢の研究をした人物を答えなさい。,志賀潔,N,,
15,明治時代2,68,『一握の砂』を著し、「地図の上、朝鮮国にくろぐろと・・・」とよんだのは誰ですか。,石川啄木,N,,
16,大正時代,1,デモクラシーを翻訳した東京帝国大学の教授は誰ですか。,吉野作蔵,N,,
16,大正時代,2,吉野作蔵は、 デモクラシーを何と翻訳しましたか。,民本主義,N,,
16,大正時代,3,大正時代の、自分たちのカで世の中を変えようとする気風は、何ですか。,大正デモクラシー,N,,
16,大正時代,4,大正時代の初めまで、総理大臣や大臣のほとんどが薩長出身だった政治は、何ですか。,藩閥政治,N,,
16,大正時代,5,桂・西園寺が交互に内閣をつくる時代を終わらせようとした「憲政の神様」は誰ですか。,尾崎行雄,N,,
16,大正時代,6,「憲政の神様」とともに、第三次桂内閣を辞職へ追い込んだのは誰ですか。,犬養毅,N,,
16,大正時代,7,第三次桂内閣を辞職へ追い込んだ運動は、何ですか。,護憲運動,N,,
16,大正時代,8,１９１４年、セルビア人青年がオーストリア皇太子夫妻を暗殺した事件は、何ですか。,サラエボ事件,N,,
16,大正時代,9,サラエボ事件から始まった戦争は、何ですか。,第一次世界大戦,N,,
16,大正時代,10,第一次世界大戦で用いられた新兵器・化学兵器を4種類答えなさい。,戦車・航空機・潜水艦・毒ガス,N,,
16,大正時代,11,日本は、何を口実に世界大戦に参加しましたか。,日英同盟,N,,
16,大正時代,12,日本は、主にどこの国の植民地を攻撃しましたか。,ドイツ,N,,
16,大正時代,13,日本は、中華民国内のドイツ植民地である〔なになに〕半島を攻撃して占領しました。,山東半島,N,,
16,大正時代,14,日本は、ドイツ植民地である〔なになに〕諸島(今のパラオ、サイパン)を占領しました。,南洋諸島,N,,
16,大正時代,15,日本は、中華民国に対して何という要求をしましたか。,二十一か条の要求,N,,
16,大正時代,16,二十一か条の要求を出した総理大臣は誰ですか。,大隈重信,N,,
16,大正時代,17,ロシア帝国をたおすロシア革命を率いた人物は誰ですか。,レーニン,N,,
16,大正時代,18,革命の結果、新しく成立した国の正式名称を答えなさい。,ソビエト社会主義共和国連邦,N,,
16,大正時代,19,社会主義の拡大をおそれた、日米英がロシアに兵を出したことは、何ですか。,シベリア出兵,N,,
16,大正時代,20,コメの値上がりに対し、富山県魚津市の主婦の暴動から始まった事件は、何ですか。,コメ騒動,N,,
16,大正時代,21,コメ騒動を受けて辞任に追い込まれた首相は、誰ですか。,桂太郎,N,,
16,大正時代,22,コメ騒動を受け、総理大臣に就任したのは、誰ですか。,原敬,N,,
16,大正時代,23,この内閣は、日本で初めての〔なになに〕内閣です。,本格的な政党,N,,
16,大正時代,24,この内閣の総理大臣は、何という政党に属していましたか。,立憲政友会,N,,
16,大正時代,25,戦争中、国内でおこった好景気を答えなさい。,大戦景気,N,,
16,大正時代,26,好景気で金持ちになった人を何と呼びましたか。,成金,N,,
16,大正時代,27,世界大戦が決着した理由は、どこの国が戦争に参加したからですか。,アメリカ,N,,
16,大正時代,28,世界大戦後半、世界で流行した疫病は、何ですか。,スペイン風邪,N,,
16,大正時代,29,世界大戦の講和条約は、何ですか。,ベルサイユ条約,N,,
16,大正時代,30,世界の平和を保っために作られた国際組織は、何ですか。,国際連盟,N,,
16,大正時代,31,国際連盟を作る提案をしたアメリカ大統領は誰ですか。,ウィルソン,N,,
16,大正時代,32,国際連盟の本部は、どこの国のどこの町に置かれましたか。,スイスのジュネーブ,N,,
16,大正時代,33,国際連盟で事務局次長を務めた人物は誰ですか。,新渡戸稲造,N,,
16,大正時代,34,講和条約を受けて、朝鮮で起こった運動は何ですか。,さんいち独立運動,N,,
16,大正時代,35,講和条約を受けて、中国で起こった運動は何ですか。,ごし運動,N,,
16,大正時代,36,１９２３年９月１日におこった自然災害は何ですか。,関東大震災,N,,
16,大正時代,37,この頃おこった、貴族院出身の清浦内閣をたおそうとする運動は、何ですか。,第二次護憲運動,N,,
16,大正時代,38,１９２５年、一定の年齢になった男性すべてに選挙権が与えられた法律を答えなさい。,普通選挙法,N,,
16,大正時代,39,同年、社会主義を取り締まるために出された法律を答えなさい。,治安維持法,N,,
16,大正時代,40,同年に始まったのは、なに放送ですか。,ラジオ放送,N,,
16,大正時代,41,１９２５年に選挙権を得た人の条件を答えなさい。,満25歳以上の男子,N,,
16,大正時代,42,１９２５年当時の総理大臣を答えなさい。,加藤高明,N,,
16,大正時代,43,世界大戦の結果、成長した、だい会社のことは、何ですか。,財閥,N,,
16,大正時代,44,女性の選挙権は、何ですか。,婦人参政権,N,,
16,大正時代,45,女性の選挙権を求めて活動した人物を2人答えなさい。,平塚らいちょう、市川房枝,N,,
16,大正時代,46,平塚らいちょうたちが作った団体を答えなさい。,新婦人協会,N,,
16,大正時代,47,京都で作られた、江戸時代から続く差別をなくしてほしいという運動は、何ですか。,全国水平社運動,N,,
16,大正時代,48,農村では、地主から土地を借りて耕す〔なになに〕という人たちが貧しさを訴えました。,小作にん,N,,
16,大正時代,49,働く人たちの生活をありのままに描いた文学を〔なになに〕といいます。,プロレタリア文学,N,,
16,大正時代,50,大正時代に完成した、深谷のレンガを使った駅を答えなさい。,東京駅,N,,
16,大正時代,51,大正時代に『蜘蛛の糸』『鼻』『羅生門』を著したのは誰ですか。,芥川龍之介,N,,
17,昭和時代1,1,アメリカから始まった不景気をなんといいますか。,世界恐慌,N,,
17,昭和時代1,2,世界恐慌は、アメリカのどこの町から始まりましたか。,ニューヨーク,N,,
17,昭和時代1,3,不景気から立ち直るため、アメリカが、おこなった政策を、答えなさい。,ニューディール政策,N,,
17,昭和時代1,4,不景気から立ち直るため、イギリス・フランスが、おこなった政策を、答えなさい。,ブロック経済,N,,
17,昭和時代1,5,第一次世界大戦のあと、日本を襲った不景気を何と言いますか。,戦後恐慌,N,,
17,昭和時代1,6,関東大震災のあと、日本を襲った不景気を何と言いますか。,震災恐慌,N,,
17,昭和時代1,7,銀行の取り付け騒ぎからはじまった、昭和初期の不景気を何と言いますか。,金融恐慌,N,,
17,昭和時代1,8,日本に上陸した世界恐慌の不景気を何と言いますか。,昭和恐慌,N,,
17,昭和時代1,9,不景気の中で中小企業を吸収し、拡大した大企業を何と言いますか。,財閥,N,,
17,昭和時代1,10,大企業の例を３つ、答えなさい。（できれば４つ）。,住友、三井、三菱、安田,N,,
17,昭和時代1,11,不景気の中で、植民地の拡大を目指して生まれた合言葉を、答えなさい。,満州は日本の生命線,N,,
17,昭和時代1,12,日本の所有する鉄道が爆破された事件を、答えなさい。,柳条湖事件,N,,
17,昭和時代1,13,爆破された、日本の所有する鉄道の名前を、答えなさい。,南満州鉄道,N,,
17,昭和時代1,14,鉄道爆破を口実に、日本が中華民国東北部を占領した戦争を何と言いますか。,満州事変,N,,
17,昭和時代1,15,この戦争を主導したのは陸軍の中でも何と呼ばれる軍ですか。,関東軍,N,,
17,昭和時代1,16,大陸での軍事行動に反対した首相が殺された事件を、答えなさい。,五・一五事件,N,,
17,昭和時代1,17,この事件により、何が終わりましたか。,政党政治,N,,
17,昭和時代1,18,殺された首相の名前を、答えなさい。,犬養毅,N,,
17,昭和時代1,19,首相を殺したのは、なに軍ですか。,海軍,N,,
17,昭和時代1,20,首相暗殺の結果、陸軍が、主導する形で成立した国の名前を、答えなさい。,満州国,N,,
17,昭和時代1,21,日本が、中国東北部につくった国の初代皇帝を、答えなさい。しんの最後の皇帝です。,溥儀,N,,
17,昭和時代1,22,一連の日本の大陸での軍事行動を調査するため派遣されてきた調査団を、答えなさい。,リットン調査団,N,,
17,昭和時代1,23,調査の結果を受けて、日本は何を脱退しましたか。,国際連盟,N,,
17,昭和時代1,24,戦争の拡大を目指した陸軍が起こしたクーデターを何と言いますか。,二・二六事件,N,,
17,昭和時代1,25,この事件により、殺害された元首相のうち、長らく大蔵大臣を務めた人物を、答えなさい。,高橋是清,N,,
17,昭和時代1,26,何という法律が改正され、社会主義者や反軍部の人間への最高刑が死刑になりましたか。,治安維持法,N,,
17,昭和時代1,27,１９３７年に橋を挟んでおこった日中両軍の軍事衝突の事件を、答えなさい。,盧溝橋事件,N,,
17,昭和時代1,28,盧溝橋事件は、何という町の郊外でおこりましたか。,北京,N,,
17,昭和時代1,29,盧溝橋事件の結果、日本と中華民国が全面戦争に突入しました。戦争の名前を、答えなさい。,日中戦争,N,,
17,昭和時代1,30,日本軍が攻め落とした、中華民国の首都を、答えなさい。,南京,N,,
17,昭和時代1,31,この戦争を止めなかった当時の首相の名前を、答えなさい。藤原氏の子孫にあたる人物です。,近衛文麿,N,,
17,昭和時代1,32,戦争の長期化に伴い、物資が不足したので、軍が国会を通さず国民の財産を戦争に使うことができるようになりました。この法律の名前を、答えなさい。,国家総動員法,N,,
17,昭和時代1,33,戦争の長期化に伴い、一般家庭から何が回収されましたか。,金属,N,,
17,昭和時代1,34,日本では、コメや衣類、食料の〔なになに〕制が始まりました。,配給,N,,
17,昭和時代1,35,ドイツの指導者を、答えなさい。,ヒトラー,N,,
17,昭和時代1,36,ドイツでは、なに民族が迫害・差別されましたか。,ユダヤ民族,N,,
17,昭和時代1,37,ドイツが差別した人々を殺害するためにつくった収容所を、答えなさい。,アウシュビッツ,N,,
17,昭和時代1,38,その収容所で犠牲になった、書き残した日記で知られる少女を、答えなさい。,アンネフランク,N,,
17,昭和時代1,39,ドイツが併合した、元、列強の国を、答えなさい。,オーストリア,N,,
17,昭和時代1,40,イタリアの指導者を、答えなさい。,ムッソリーニ,N,,
17,昭和時代1,41,ドイツがどこに攻め込んだことで、第ニ次世界大戦がはじまりましたか。,ポーランド,N,,
17,昭和時代1,42,列強とよばれる国の中で、ドイツにいち早く首都を占領された国はどこですか。,フランス,N,,
17,昭和時代1,43,これを受けて、日本が石油を求め占領した場所はどこですか。,仏領インドシナ、ベトナム,N,,
17,昭和時代1,44,日本の軍事行動を受け、アメリカなどが日本に石油を禁輸したことを何と言いますか。,ＡＢＣＤ包囲網,N,,
17,昭和時代1,45,ＡＢＣＤ包囲網のＡＢＣＤそれぞれの国名を、答えなさい。,アメリカ、イギリス、中国、オランダ,N,,
17,昭和時代1,46,日本がこのころ結んだ軍事同盟を、答えなさい。,日独伊、三国同盟,N,,
17,昭和時代1,47,日本が、北方の守りを固めるために結んだ条約を、答えなさい。,日ソ中立条約,N,,
17,昭和時代1,48,１９４１年から日米が主に戦った戦争を何と言いますか。,太平洋戦争,N,,
17,昭和時代1,49,この戦争は、何月何日に始まりましたか。,「１２月８日」,N,,
17,昭和時代1,50,この時の総理大臣を、答えなさい。,東条英機,N,,
17,昭和時代1,51,日本海軍が、真っ先に攻撃した場所を、答えなさい。,真珠湾,N,,
17,昭和時代1,52,日本陸軍が、真っ先に攻撃した場所を、答えなさい。,マレー半島,N,,
17,昭和時代1,53,日本の敗北が始まるきっかけとなった戦争を、答えなさい。,ミッドウェー海戦,N,,
17,昭和時代1,54,占領地で、日本が現地の人々におこなった政策を、答えなさい。,皇民化政策,N,,
17,昭和時代1,55,日本は、アジアを列強の植民地支配から解放し、何を作ろうとしていましたか。,大東亜共栄圏,N,,
17,昭和時代1,56,日本の占領地の人々が、名前を日本風に変えられたことを、何と言いますか。,宗氏改名,N,,
17,昭和時代1,57,中学生や高校生が工場で働かされたことを、何と言いますか。,学徒動員,N,,
17,昭和時代1,58,文系大学生が兵士として戦場に行かされたことを、何と言いますか。,学徒出陣,N,,
17,昭和時代1,59,アメリカ軍の飛行機が日本本土を空から攻撃したことを、何と言いますか。,空襲,N,,
17,昭和時代1,60,アメリカ軍の飛行機が日本本土を空から攻撃しはじめたのは、なに島が陥落してからですか。,サイパン島,N,,
17,昭和時代1,61,島や、基地を守る日本軍が全滅することを、何と言いますか。,玉砕,N,,
17,昭和時代1,62,飛行機や艦船などが、敵船に体当たり攻撃をしたことを、何と言いますか。,特攻,N,,
17,昭和時代1,63,１９４５年３月１０日、東京が攻撃され、１０万人が亡くなったことを、何と言いますか。,東京大空襲,N,,
17,昭和時代1,64,１９４５年４月から始まった地上戦を、何と言いますか。,沖縄戦,N,,
17,昭和時代1,65,上の戦争にまきこまれた、動員された女学生たちの部隊名を、答えなさい。,ひめゆり部隊,N,,
17,昭和時代1,66,１９４５年７月、日本に対して出された降伏を求める宣言を、何と言いますか。,ポツダム宣言,N,,
17,昭和時代1,67,ポツダム宣言を実際に話あった国を３つ、答えなさい。,アメリカ・イギリス・ソ連,N,,
17,昭和時代1,68,ポツダム宣言を実際に出した国を３つ、答えなさい。,アメリカ・イギリス・中国,N,,
17,昭和時代1,69,広島に原子爆弾が落とされた日付を、答えなさい。,「８月６日」,N,,
17,昭和時代1,70,長崎に原子爆弾が落とされた日付を、答えなさい。,「８月９日」,N,,
17,昭和時代1,71,ソ連は、８月８日に日本に宣戦布告し、どこへ攻めてきましたか。,満州,N,,
17,昭和時代1,72,８月１５日、天皇の発表した降伏を知らせるラジオ放送を、何といますか。,玉音放送,N,,
18,昭和時代2,1,降伏調印がおこなわれたアメリカ戦艦の名前を、答えなさい。,ミズーリ号,N,,
18,昭和時代2,2,連合国軍最高司令官総司令部の略称を、答えなさい。,ＧＨＱ,N,,
18,昭和時代2,3,この組織の最高司令官を、答えなさい。,マッカーサー,N,,
18,昭和時代2,4,１９４５年、何歳以上の男女に選挙権が与えられましたか。,２０歳以上,N,,
18,昭和時代2,5,労働者の働く権利を、守る法を、何と言いますか。,労働組合法,N,,
18,昭和時代2,6,男女同一賃金や労働時間が定められた法を、何と言いますか。,労働基準法,N,,
18,昭和時代2,7,何という法が定められたことで、教育勅語が廃止になりましたか。,教育基本法,N,,
18,昭和時代2,8,男女共学の原則、６、３、３、４制が定められた法を、何と言いますか。,学校教育法,N,,
18,昭和時代2,9,空襲で校舎が焼けた学校では、グランドで、授業をしたことを、何と言いますか。,青空教室,N,,
18,昭和時代2,10,軍事を、たたえる内容がぬりつぶされた教科書を、何と言いますか。,すみ塗り教科書,N,,
18,昭和時代2,11,義務教育は何年になりましたか。,９年,N,,
18,昭和時代2,12,戦後すぐに廃止された、軍と国民支配に関係する法律を、２つ答えなさい。,治安維持法、国家総動員法,N,,
18,昭和時代2,13,戦争犯罪者を、さばいた裁判を、何と言いますか。略称で答えなさい。,東京裁判,N,,
18,昭和時代2,14,東京裁判で死刑となった、太平洋戦争開戦時の首相を、答えなさい。,東条英機,N,,
18,昭和時代2,15,地主の土地を、国が買い上げ、小作にんに売り渡した改革を、何と言いますか。,農地改革,N,,
18,昭和時代2,16,戦争に協力した大企業が解体されたことを、何と言いますか。,財閥解体,N,,
18,昭和時代2,17,大企業が再び形成されないように作られた法律を、答えなさい。,独占禁止法,N,,
18,昭和時代2,18,戦後しばらくつづいた、食料や衣類、調味料を、配るやり方を、何と言いますか。,配給制,N,,
18,昭和時代2,19,配給制のやり方では食料が不十分なので、人々はどこで食料を、手に入れましたか。,闇市,N,,
18,昭和時代2,20,新しい憲法を、審議した国会を、２つ答えなさい。,帝国議会の衆議院、貴族院,N,,
18,昭和時代2,21,新しい憲法が公布された年月日と、それが、今、何という祝日になっているか答えなさい。,１９４６年１１月３日、文化の日,N,,
18,昭和時代2,22,新しい憲法が施行された年月日と、それが、今、何という祝日になっているか答えなさい。,１９４７年５月３日、憲法記念日,N,,
18,昭和時代2,23,日本国憲法の三大原則を、答えなさい。,国民主権、基本的人権の尊重、平和主義,N,,
18,昭和時代2,24,１９４５年、世界の平和を守るために、発足した組織を、答えなさい。,国際連合,N,,
18,昭和時代2,25,国際連合の組織の本部はどこにありますか。,ニューヨーク,N,,
18,昭和時代2,26,国際連合の組織を、作る中心となったアメリカ大統領を、答えなさい。,ルーズベルト,N,,
18,昭和時代2,27,アメリカとソ連のそれぞれの経済活動に対する主義を、答えなさい。,資本主義、社会主義,N,,
18,昭和時代2,28,アメリカとソ連の間におこった、直接戦火を、交えない対立を、何と言いますか。,東西冷戦,N,,
18,昭和時代2,29,朝鮮半島でおこった戦争の名前を、答えなさい。,朝鮮戦争,N,,
18,昭和時代2,30,この戦争の影響で、国内で結成された部隊の名前を、答えなさい。,警察予備隊,N,,
18,昭和時代2,31,上の組織は、「保安隊」の後、何に名前を、変えましたか。,自衛隊,N,,
18,昭和時代2,32,朝鮮半島の戦争の間、日本の景気が良くなったことを、何と言いますか。,特需景気,N,,
18,昭和時代2,33,日本が独立を、回復した条約を、答えなさい。,サンフランシスコ平和条約,N,,
18,昭和時代2,34,日本に米軍基地がおかれることになった条約を、答えなさい。,日米安全保障条約,N,,
18,昭和時代2,35,上記２つの条約を、結んだ首相を、答えなさい。,岸信介,N,,
18,昭和時代2,36,ソ連との国交を、回復した条約を、答えなさい。,日ソ共同宣言,N,,
18,昭和時代2,37,上の条約を、結んだ首相を、答えなさい。,鳩山一郎,N,,
18,昭和時代2,38,日本とソ連の間に平和条約が結ばれていないのはなぜですか。,北方四島の帰属問題で合意に至らなかったため,N,,
18,昭和時代2,39,ソ連との国交を回復した首相が、中心となって結成された保守政党を、答えなさい。,自由民主党,N,,
18,昭和時代2,40,上の政党が、与党として政権を、握っている体制を、なんといいますか。,５５年体制,N,,
18,昭和時代2,41,安保闘争の結果、退陣した首相を、答えなさい。,岸信介,N,,
18,昭和時代2,42,国民の給与の倍増を、約束した計画を、答えなさい。,所得倍増計画,N,,
18,昭和時代2,43,上の計画を、発表した総理大臣を、答えなさい。,池田勇人,N,,
18,昭和時代2,44,１９６０年代に長期化し、アメリカの撤退で終わった戦争を、答えなさい。,ベトナム戦争,N,,
18,昭和時代2,45,１９６０年代に、米ソの対立が強まり、核戦争が起こりそうになった事件を、答えなさい。,キューバ危機,N,,
18,昭和時代2,46,１９６４年に日本で行われた国際的なイベントを、答えなさい。,東京オリンピック,N,,
18,昭和時代2,47,イベントに合わせ、１９６３年に部分開通した日本初の高速道路を、答えなさい。,名神高速道路,N,,
18,昭和時代2,48,イベントに合わせ、１９６４年に開通した日本初の新幹線を、答えなさい。,ひかり,N,,
18,昭和時代2,49,日本と韓国が国交を、回復した条約を、答えなさい。,日韓基本条約,N,,
18,昭和時代2,50,１９７０年、日本で行われた国際的なイベントを、答えなさい。,大阪万博,N,,
18,昭和時代2,51,１９７２年、沖縄が日本に復帰したときの首相を、答えなさい。,佐藤栄作,N,,
18,昭和時代2,52,非核三原則の内容を、答えなさい。,もたず、つくらず、もちこませず,N,,
18,昭和時代2,53,１９７２年、日本と中国の国交が回復した条約を、答えなさい。,日中共同声明,N,,
18,昭和時代2,54,このときの首相を、答えなさい。,田中角栄,N,,
18,昭和時代2,55,日本が、中国から譲り受けた動物を、答えなさい。,パンダ,N,,
18,昭和時代2,56,この首相のころ終わった、日本の経済が急成長した時代を、何と言いますか。,高度経済成長期,N,,
18,昭和時代2,57,上の経済の成長期はなぜ終わったのか、きっかけとなった出来事を、答えなさい。,第四次中東戦争,N,,
18,昭和時代2,58,日中平和友好条約を、結んだ総理大臣を、答えなさい。,福田赳夫,N,,
18,昭和時代2,59,田中角栄元首相が逮捕された事件を、答えなさい。,ロッキード事件,N,,
18,昭和時代2,60,１９８０年代、日米の間で起こった問題を、漢字４字で答えなさい。,貿易摩擦,N,,
18,昭和時代2,61,この問題を、解決するため、中曽根康弘首相が結んだ合意を、答えなさい。,プラザ合意,N,,
18,昭和時代2,62,この合意の結果、日本経済は[なになに]になりました。,円高,N,,
18,昭和時代2,63,１９８０年代後半、日本でおこった一時的な好景気を、何と言いますか。,バブル景気,N,,
18,昭和時代2,64,１９８９年、米ソが冷戦の終結を、発表した会談を、答えなさい。,マルタ会談,N,,
18,昭和時代2,65,この会談にともない、ドイツで崩壊したものを、答えなさい。,ベルリンの壁,N,,
18,昭和時代2,66,この会談を、発表した、米ソの代表を、答えなさい。,ブッシュ、ゴルバチョフ,N,,
18,昭和時代2,67,１９８９年に導入された新しい税を、何と言いますか。また、なに％でしたか。,消費税、３％,N,,
18,昭和時代2,68,このときの首相を、答えなさい。,竹下登,N,,
18,昭和時代2,69,１９９１年、イラクがクウェートに侵攻したことに対して起こった戦争を、答えなさい。,湾岸戦争,N,,
18,昭和時代2,70,上の戦争を、きっかけに、日本が自衛隊の海外派遣を、始めた法律を、答えなさい。,ＰＫＯ協力法,N,,
18,昭和時代2,71,自衛隊が最初に派遣された外国はどこですか。,カンボジア,N,,
18,昭和時代2,72,１９９５年におこった震災を、答えなさい。,阪神淡路大震災,N,,
18,昭和時代2,73,２００１年、アメリカで起こったテロ事件を、答えなさい。,アメリカ同時多発テロ,N,,
18,昭和時代2,74,テロ事件の結果、米英はすぐさまどこを、攻撃しましたか。,アフガニスタン,N,,
18,昭和時代2,75,２００３年、アメリカが、大量破壊兵器を、持つといわれる国を、攻撃した戦争を、答えなさい。,イラク戦争,N,,
18,昭和時代2,76,小泉純一郎首相が民営化したものを、答えなさい。,郵政事業,N,,
18,昭和時代2,77,２００８年におこった、世界的な不景気を、何と言いますか。,リーマンショック,N,,
18,昭和時代2,78,不景気の影響もあり、自民党に選挙で勝って、政権を握った党を、答えなさい。,民主党,N,,
18,昭和時代2,79,２０１１年におこった震災を、答えなさい。,東日本大震災,N,,
18,昭和時代2,80,再び政権を、握った自民党のリーダーで、歴代で最長の首相となった人物を、答えなさい。,安倍晋三,N,,
18,昭和時代2,81,現在の首相を、答えなさい。,石破茂,N,,
19,文化,1,あすか時代、前半の、日本最初の仏教文化を、何といいますか。,あすか文化,N,,
19,文化,2,あすか文化は、どこの国の文化の影響も受けましたか。三つ答えなさい。,朝鮮、中国、インド,N,,
19,文化,3,蘇我馬子がっくった、日本最初の本格的な寺院を、答えなさい。,飛鳥寺,N,,
19,文化,4,聖徳太子が作った、現存する世界最古の木造建築を、答えなさい。,法隆寺,N,,
19,文化,5,聖徳太子が大阪に作らせた寺を、答えなさい。,四天王寺,N,,
19,文化,6,京都にあり、弥勒菩薩像が知られる寺を、答えなさい。,広隆寺,N,,
19,文化,7,蘇我馬子の墓とされる古墳を、答えなさい。,石舞台古墳,N,,
19,文化,8,あすか時代、後半、天智天皇・天武天皇のころの文化を、何といいますか,白鳳文化,N,,
19,文化,9,あすか後期の、壁画が知られる古墳を、答えなさい。,高松塚古墳,N,,
19,文化,10,天武天皇が、妻の病気快癒を、願って作らせた寺を、答えなさい。,薬師寺,N,,
19,文化,11,奈良時代の仏教文化を、何といいますか。,天平文化,N,,
19,文化,12,奈良時代、遣唐使が持ち帰った宝物は、どこの道を、とおって運ばれてきたものですか。,シルクロード,N,,
19,文化,13,遣唐使が持ち帰った宝物が納められた建物を、答えなさい。,東大寺、しょうそういん,N,,
19,文化,14,この建物は何という造りですか。,校倉造り,N,,
19,文化,15,鑑真がひらいた寺を、答えなさい,唐招提寺,N,,
19,文化,16,阿修羅像で知られる、藤原氏ゆかりの、奈良の寺を、答えなさい。,興福寺,N,,
19,文化,17,稗田の阿礼・太安万侶が協力してつくった日本最古の歴史書を、答えなさい。,古事記,N,,
19,文化,18,日本で２つ目の歴史書で、舎人親王中心となって作ったものを、答えなさい,日本書紀,N,,
19,文化,19,日本最古の歌集を、答えなさい,万葉集,N,,
19,文化,20,日本最古の歌集に含まれる、貧しい人の暮らしが分かる歌の集まりを、何といいますか。,貧窮問答歌,N,,
19,文化,21,この章を、まとめた貴族を、答えなさい,山上憶良,N,,
19,文化,22,平安初期、伝教大師とよばれた人物を、答えなさい。,最澄,N,,
19,文化,23,最澄が、唐から伝えた宗派を、答えなさい,天台宗,N,,
19,文化,24,天台宗の総本山の名前と、位置する都道府県を、答えなさい,比叡山延暦寺、滋賀県,N,,
19,文化,25,弘法大師とよばれた人物を、答えなさい。,空海,N,,
19,文化,26,空海が、唐から伝えた宗派を、答えなさい,真言宗,N,,
19,文化,27,真言宗の総本山の名前と、位置する都道府県を、答えなさい,高野山金剛峯寺、和歌山県,N,,
19,文化,28,平安時代、漢字を、崩して作られた文字を、答えなさい。,かな文字,N,,
19,文化,29,遣唐使、廃止に伴う、日本独自の文化を、何といいますか。,こくふう文化,N,,
19,文化,30,平安時代に生まれた、にほんふうの、絵を、何といいますか。,大和絵,N,,
19,文化,31,日本最古の小説(物語)を、答えなさい。,たけとり物語,N,,
19,文化,32,紫式部が書いた長編小説を、答えなさい。,源氏物語,N,,
19,文化,33,清少納言が書いた随筆を、答えなさい。,枕草子,N,,
19,文化,34,貴族が女のふりをして書いた日記・紀行文を、答えなさい。,土佐日記,N,,
19,文化,35,土佐日記の作者を、答えなさい。,紀貫之,N,,
19,文化,36,平安時代に成立した、日本初の勅撰和歌集を、答えなさい。,こきん和歌集,N,,
19,文化,37,平安時代の貴族が住んだ邸宅の造りを、答えなさい。,寝殿造り,N,,
19,文化,38,平安後期、なんと唱えたら、極楽浄土へ成仏できるとされましたか。,南無阿弥陀仏,N,,
19,文化,39,この教えを、何といいますか。また、広めた僧の名前を、答えなさい。,浄土教、空也,N,,
19,文化,40,藤原頼通が京都の宇治につくった阿弥陀堂を、答えなさい。,平等院、鳳凰堂,N,,
19,文化,41,奥州藤原氏がつくった阿弥陀堂を、答えなさい。,中尊寺こんじき堂,N,,
19,文化,42,鎌倉時代初期、東大寺南大門の再建に関わった彫刻師を、２人答えなさい。,運慶、快慶,N,,
19,文化,43,運慶・快慶が中心となって南大門におさめた像の名前を、答えなさい。,金剛力士像,N,,
19,文化,44,鎌倉にある、唐様の建物を、答えなさい。,円覚寺舎利でん,N,,
19,文化,45,鎌倉時代に成立した、写実性の高い肖像画を、何といいますか。,似せ絵,N,,
19,文化,46,元寇での活躍を、描かせて鎌倉に提出した御家人を、答えなさい。,たけざきすえなが,N,,
19,文化,47,この人物が描かせた絵を、何といいますか。,蒙古襲来絵詞,N,,
19,文化,48,武士の活躍や戦いの様子を、描いた物語を、何といいますか。,軍記もの,N,,
19,文化,49,このジャンルのうち、源平合戦を、描いた作品の名前を、答えなさい。,平家物語,N,,
19,文化,50,この物語は、どのような人々が全国に広めましたか。,琵琶法師,N,,
19,文化,51,鴨長明が記した随筆を、答えなさい。,方丈記,N,,
19,文化,52,吉田兼好（兼好法師）が記した随筆を、答えなさい。,徒然草,N,,
19,文化,53,鎌倉時代につくられた勅撰和歌集を、答えなさい。,新古きん和歌集,N,,
19,文化,54,この和歌集の撰者を、務め、百人一首を、成立させた人物を、答えなさい。,藤原の定家,N,,
19,文化,55,『金槐和歌集』を、完成させた、鎌倉幕府３代将軍を、答えなさい。,源実朝,N,,
19,文化,56,南無阿弥陀仏と唱える数で極楽往生を目指す宗派と開祖を、答えなさい。,浄土宗、法然,N,,
19,文化,57,悪人正機説を、唱え、悪人ほど救われると考えた宗派と人物を、答えなさい。,浄土真宗、しんらん,N,,
19,文化,58,踊り念仏の宗派とそれを広めた人物を、答えなさい。,じしゅう、一遍,N,,
19,文化,59,法華経が正しいと説き、「南無妙法蓮華経」の題目を唱える、宗派と広めた人物を、答えなさい。,日蓮、日蓮宗,N,,
19,文化,60,茶を、飲む習慣を、広めた人物と、その宗派を、答えなさい。,臨済宗、栄西,N,,
19,文化,61,武士に最も広まった宗派と、その開祖を、答えなさい。,曹洞宗、道元,N,,
19,文化,62,室町幕府３代将軍のころにはやった、派手な文化と将軍の名前を、答えなさい。,北山文化、足利義満,N,,
19,文化,63,足利義満の別邸として作られた建物を、答えなさい。,鹿苑寺金閣,N,,
19,文化,64,この頃大成された、面をつけて演じる芸能を、答えなさい。,能楽,N,,
19,文化,65,能楽を、大成した親子を、答えなさい。,観阿弥、世阿弥,N,,
19,文化,66,能楽の合間に演じられたこっけいな演劇を、答えなさい。,狂言,N,,
19,文化,67,和歌から発達した、上の句と下の句を、違う人が読む歌を、何といいますか。,連歌,N,,
19,文化,68,民衆向けの読み物として広まり、「一寸法師」「浦島太郎」が含まれる物語を、答えなさい。,お伽草紙,N,,
19,文化,69,室町幕府８代将軍のころにはやった、地味な文化の名前を、答えなさい。また、この将軍は誰ですか。,東山文化、足利義政,N,,
19,文化,70,足利義政の別邸として作られた建物を、答えなさい。,慈照寺銀閣,N,,
19,文化,71,この建物の造りを、答えなさい。,書院造,N,,
19,文化,72,水墨画を、大成した人物を、答えなさい。,雪舟,N,,
19,文化,73,豊臣秀吉のころに、商人の財力を背景に、おこった豪華で雄大な文化を、答えなさい。,桃山文化,N,,
19,文化,74,姫路城や大阪城に作られた巨大な楼を、何と呼びますか。,天守閣,N,,
19,文化,75,かのう一族が描いた、金箔を使った、派手な絵を、何といいますか。,障壁画,N,,
19,文化,76,茶の湯を、大成した人物を、答えなさい。,千利休,N,,
19,文化,77,歌舞伎おどりの開祖である女性を、答えなさい。,出雲阿国,N,,
19,文化,78,江戸幕府５代将軍のころ、上方（大阪）ではやった町人文化を、答えなさい。,元禄文化,N,,
19,文化,79,俳諧を、広め、東北地方を、旅した人物を、答えなさい。,松尾芭蕉,N,,
19,文化,80,この人物が出版した紀行文を、答えなさい。,奥の細道,N,,
19,文化,81,浮世草子を、多く出版した人物を、答えなさい。,井原西鶴,N,,
19,文化,82,歌舞伎や人形浄瑠璃の脚本を、著した人物を、答えなさい。,近松門左衛門,N,,
19,文化,83,江戸時代に広まった、この世を、そのまま描いた絵を、何といいますか。,浮世絵,N,,
19,文化,84,江戸ぜんき、このタイプの最初の絵として「見返り美人図」を、描いたのは誰ですか。,菱川師宣,N,,
19,文化,85,江戸時代後期に広まった多色刷りの版画を、特に何といいますか。,錦絵,N,,
19,文化,86,「東海道五十三つぎ」の作者を、答えなさい。,歌川広重,N,,
19,文化,87,「富嶽三十六景」の作者を、答えなさい。,葛飾北斎,N,,
19,文化,88,江戸幕府１１代将軍のころ、江戸を、中心に栄えた町人文化を、答えなさい。,化政文化,N,,
19,文化,89,政治や社会を、風刺するもののうち、五、しち、五のものを、答えなさい。,川柳,N,,
19,文化,90,政治や社会を、風刺するもののうち、五、しち、五、しち、しちのものを、答えなさい。,狂歌,N,,
19,文化,91,十返舎一九が著した物語を、答えなさい。またどのような内容ですか。,東海道中膝栗毛、旅、物語,N,,
19,文化,92,江戸時代の庶民が学んだ場所と、主に学んだこと３つを、答えなさい。,寺子屋、よみ、かき、そろばん,N,,
19,文化,93,武士の子どもは、どこで学びましたか。,藩校,N,,
19,文化,94,幕府が正式な、学び、としたものを、答えなさい。,朱子学,N,,
19,文化,95,仏教が広まる以前の日本人の考え方を、研究する学問を、答えなさい。,国学,N,,
19,文化,96,国学を、大成した人物を、答えなさい。,本居宣長,N,,
19,文化,97,オランダを通じて、西洋を知る学門を、何といいますか。,蘭学,N,,
19,文化,98,この学門が全国に広まるきっかけとなったのは、だれが洋書の輸入を、解禁したからですか。,徳川吉宗,N,,
19,文化,99,蘭学を学び、サツマイモを広めた人物を、答えなさい。,青木昆陽,N,,
19,文化,100,蘭学を学び、『ターヘル アナトミア』を翻訳・出版した人物を、２人答えなさい。,杉田玄白、前野良沢,N,,
19,文化,101,日本地図を作った人物を、答えなさい。,伊能忠敬,N,,
19,文化,102,エレキテルなど様々な発明を、おこなった人物を、答えなさい。,平賀源内,N,,
19,文化,103,明治初期、学制に影響を与え、慶應義塾を作った人物を、答えなさい。,福澤諭吉,N,,
19,文化,104,東京専門学校をつくった人物を、答えなさい。,大隈重信,N,,
19,文化,105,女子英学塾をつくった人物を、答えなさい。,津田梅子,N,,
19,文化,106,破傷風やペストの研究者を、答えなさい。,北里柴三郎,N,,
19,文化,107,黄熱病の研究者を、答えなさい。,野口 英世,N,,
19,文化,108,『坊っちゃん』の作者を、答えなさい。,夏目漱石,N,,
19,文化,109,『たけくらべ』の作者を、答えなさい。,樋口いちよう,N,,
19,文化,110,明治時代に活躍した女性文学者で、日露戦争に反対した人を、答えなさい。,与謝野晶子,N,,
19,文化,111,大正時代、『蜘蛛の糸』『羅生門』を、著した人物を、答えなさい。,芥川龍之介,N,,
19,文化,112,昭和時代、『鉄腕アトム』などの漫画を、出版した人物を、答えなさい。,手塚治,N,,
19,文化,113,日本最古の地理書は、何ですか。,風土記,N,,
19,文化,114,滝沢馬琴が著した物語を、答えなさい。どのような内容ですか。,「南総里見八犬伝」、冒険物語,N,,
20,公民1,1,日本国憲法が公布された年月日を答えなさい。それは今、何という祝日ですか。,１９４６年１１月３日、文化の日,N,,
20,公民1,2,日本国憲法が施行された年月日を答えなさい。それは今、何という祝日ですか。,１９４７年５月３日、憲法記念日,N,,
20,公民1,3,日本国憲法は国民が定めた憲法です。これをなに憲法と言いますか。,民定憲法,N,,
20,公民1,4,大日本帝国憲法が発布された年月日を答えなさい。それは今、何という祝日ですか。,１８８９年２月１１日、建国記念の日,N,,
20,公民1,5,大日本帝国憲法は天皇が定めて国民に与えたという形式です。これをなに憲法と言いますか。,欽定憲法,N,,
20,公民1,6,日本国憲法は国の[なになに]で、憲法に違反した法律・政令・条例はみとめられません。,最高法規,N,,
20,公民1,7,日本国憲法の構成は、[なに]と、[なん]しょう・[なん]じょうです。,前文、１１章、１０３条,N,,
20,公民1,8,三大原則を答えなさい。,国民主権、平和主義、基本的人権,N,,
20,公民1,9,前文には、「人民の人民による人民のための政治」という内容が盛り込まれています。これを発言した大統領の名前を答えなさい。,エイブラハム、リンカーン,N,,
20,公民1,10,日本国憲法で、天皇について定めているのは第何条ですか。,第一条,N,,
20,公民1,11,天皇は日本国民の[なになに]とされています。,象徴,N,,
20,公民1,12,天皇は、[なに]にもとづいて[なになに]をおこないます。,内閣の助言と承認にもとづいて国事行為を行います。,N,,
20,公民1,13,天皇の仕事は、国会の[なに]に基づいて内閣総理大臣を[なになに]することです。,国会の指名に基づいて、内閣総理大臣を任命する,N,,
20,公民1,14,天皇の仕事は、内閣の[なに]に基づいて最高裁判所長官を[なになに]することです。,内閣の指名に基づいて、最高裁判所長官を任命する,N,,
20,公民1,15,天皇が被災地や避難所を訪れることは、[なになに]といい、国事行為とはことなります。,公的な行為,N,,
20,公民1,16,憲法のうち、平和について決めているのは、第何条ですか。,第９条,N,,
20,公民1,17,憲法第９条で、日本が否定しているのは、なに権ですか。,交戦権,N,,
20,公民1,18,日本がアメリカとの間で取り決めている、戦争の時、共同して行動することを、なに権といいますか。,集団的自衛権,N,,
20,公民1,19,自衛隊について、憲法には書かれていますか。,書かれていません。解釈改憲です。,N,,
20,公民1,20,非核三原則について、憲法には書かれていますか。,書かれていません。,N,,
20,公民1,21,基本的人権を5つ答えなさい。,平等、自由、社会、参政、請求,N,,
20,公民1,22,大日本帝国憲法では、人権は「[なになに]の[なになに]内」で認められていました。,法律の範囲内,N,,
20,公民1,23,社会全体の幸福のことを何といいますか。これに反しない限り、人権が尊重されます。,公共の福祉,N,,
20,公民1,24,自由権のうち、奴隷的拘束を受けないのは[なになに]の自由です。,身体の自由,N,,
20,公民1,25,集会、結社、および、言論、出版、その他いっさいの[なになに]の自由は、[なになに]の自由に含まれます。,表現,N,,
20,公民1,26,経済活動の自由の例を答えなさい。,居住、移転、職業選択の自由,N,,
20,公民1,27,すべて国民は、「[なになに]の[なになに]に平等」です。身分や性別などで一切差別されません。,法のもとに平等,N,,
20,公民1,28,社会権を最初に定めた憲法を答えなさい。,ワイマール憲法,N,,
20,公民1,29,労働三権を答えなさい。,「団結権」「団体交渉権」「団体行動権」,N,,
20,公民1,30,憲法第25条では「[なになに]で[なになに]的な[なになに]の生活」が認められています。これを、なに権といいますか。,健康で文化的な最低限度の生活、社会権,N,,
20,公民1,31,新しい人権の例を４つ答えなさい。,環境権、知る権利、プライバシー権、自己決定権,N,,
20,公民1,32,国民の義務を３つ答えなさい。,納税、勤労、普通教育を受けさせる,N,,
20,公民1,33,憲法改正のためには、各議院の[なになに]の、なん分のなに以上の賛成が必要です。,総議員の三ぶんの二,N,,
20,公民1,34,その後、[なになに]が行われ、有効投票数の過半数の賛成で成立し、天皇が公布します。,国民投票,N,,
20,公民1,35,これまで日本国憲法を改正したことはありますか。,ありません。,N,,
20,公民1,36,日本のように変えづらい憲法のことを何といいますか。,硬性憲法,N,,
20,公民1,37,国民投票の投票権を持つのは、まん、なん歳以上の[なになに]です。,満１８歳以上の日本国民,N,,
21,公民2,1,国民が選挙で選んだ代表を通じて政治に参加する制度を何と言いますか。,間接民主制,N,,
21,公民2,2,衆議院と参議院の議場を見分けるやり方を答えなさい。,参議院には、議長席の後方に天皇陛下のお席がある。,N,,
21,公民2,3,衆議院と参議院は国会議事堂の向かって左右どちらですか。,右側が参議院、左側が衆議院,N,,
21,公民2,4,国会中央広間にある3人の銅像を答えなさい。,伊藤博文、板垣退助、大隈重信,N,,
21,公民2,5,二院制の長所と短所を答えなさい。,長所：慎重に議論することができる。短所：かねと時間がかかる。,N,,
21,公民2,6,国会は、国権の[なになに]機関であり、国の唯一の[なになに]機関です。,「国権の最高機関」であり、「国の唯一の立法機関」,N,,
21,公民2,7,国会は[なになに]権を持ちます。,立法権,N,,
21,公民2,8,衆議院と参議院の定数を答えなさい。,衆議院：４６５。　参議院：２４８,N,,
21,公民2,9,衆議院と参議院の任期を答えなさい。,衆議院：４年。　参議院：６年,Y,,
21,公民2,10,衆議院と参議院の選挙権を得られる年齢と被選挙権を得られる年齢を答えなさい。,選挙権は１８歳以上。被選挙権は、衆議院が２５歳以上。参議院が３０歳以上。,N,,
21,公民2,11,毎年必ず1月から行われる国会を答えなさい。,通常国会,N,,
21,公民2,12,この国会は、何日間開かれますか。,１５０日,N,,
21,公民2,13,毎年たいてい秋に開かれる国会を答えなさい。,臨時国会,N,,
21,公民2,14,この国会を開く条件を2つ答えなさい。,各議員の総議員の四ぶんの一以上が要求した時。あるいは、内閣が必要だと判断した時。,N,,
21,公民2,15,衆議院解散のあと、総選挙まで、なん日以内です。,４０日以内,N,,
21,公民2,16,総選挙から、なん日以内に、[なになに]国会が開かれ、次の首相を決めます。,３０日以内に特別国会が開かれ、首相指名が行われる。,N,,
21,公民2,17,衆議院解散中に参議院が行う国会を何と言いますか。,緊急集会,N,,
21,公民2,18,定足数は、各議員の総議員のなん分の1以上です。,三ぶんの一,N,,
21,公民2,19,賛否同数の場合は、だれが判断を行いますか。,議長,N,,
21,公民2,20,法律を最初に話し合うのは、国会の何という場所ですか。,委員会,N,,
21,公民2,21,多数決を行うのは、国会の何という場ですか。,本会議,N,,
21,公民2,22,法案を審議する際、必要に応じて専門家を呼ぶことを何と言いますか。,参考にん,N,,
21,公民2,23,法案を提出できる人を2種類答えなさい。,国会議員と内閣,N,,
21,公民2,24,内閣不信任が成立したら、なん日以内に判断する必要があります。,１０日以内,N,,
21,公民2,25,内閣不信任のとき、首相がとれる方法を2つ答えなさい。,衆議院の解散、または、内閣の総辞職,N,,
21,公民2,26,罪を犯した裁判官を裁くところを答えなさい。,弾劾裁判所,N,,
21,公民2,27,国会が内閣の政治を調査する権利を答えなさい。,国政調査権,N,,
21,公民2,28,なぜ衆議院は、参議院に優越するのですか。,任期が短く、解散もあり、直近の民意を反映しているから。,N,,